date,league_id,league,team1,team2,spi1,spi2,prob1,prob2,probtie,proj_score1,proj_score2,score1,score2,1,X,2,highest1,highestX,highest2,Value1,ValueX,Value2
03/08/2018,1952,Mexican Primera Division Torneo Apertura,Veracruz,Morelia,30.14,39.84,0.3319,0.377,0.2911,1.2,1.3,,,3.01,3.44,2.65,3.00,3.40,2.56,1.00,0.99,0.97
03/08/2018,1952,Mexican Primera Division Torneo Apertura,Atlas,Pumas Unam,36.61,40.71,0.3982,0.329,0.2728,1.47,1.32,,,2.51,3.67,3.04,2.77,3.42,2.75,1.10,0.93,0.90
04/08/2018,1874,Swedish Allsvenskan,Brommapojkarna,Dalkurd FF,12.31,20.96,0.3311,0.4277,0.2412,1.43,1.65,,,3.02,4.15,2.34,2.61,3.50,2.88,0.86,0.84,1.23
04/08/2018,1874,Swedish Allsvenskan,Kalmar FF,IFK Goteborg,29.47,31.82,0.4432,0.2847,0.2721,1.39,1.06,,,2.26,3.68,3.51,2.22,3.47,3.60,0.98,0.94,1.02
04/08/2018,1859,Norwegian Tippeligaen,Ranheim,Rosenborg,28.45,53.97,0.1912,0.5799,0.2288,0.97,1.87,,,5.23,4.37,1.72,4.82,3.80,1.88,0.92,0.87,1.09
04/08/2018,2105,Brasileiro Série A,Botafogo,Santos,45.32,49.14,0.4461,0.2811,0.2729,1.36,1.02,,,2.24,3.66,3.56,2.75,3.22,2.90,1.23,0.88,0.82
04/08/2018,1951,Major League Soccer,Atlanta United FC,Toronto FC,45.86,38.99,0.5802,0.2067,0.2131,2.07,1.16,,,1.72,4.69,4.84,1.71,4.50,4.80,0.99,0.96,0.99
04/08/2018,2105,Brasileiro Série A,Grêmio,Flamengo,57.52,60.51,0.4597,0.2436,0.2966,1.22,0.81,,,2.18,3.37,4.11,2.20,3.30,4.15,1.01,0.98,1.01
04/08/2018,1952,Mexican Primera Division Torneo Apertura,Necaxa,Lobos de la BUAP,41.33,37.42,0.4756,0.2526,0.2718,1.58,1.08,,,2.10,3.68,3.96,1.72,3.80,6.00,0.82,1.03,1.52
04/08/2018,1951,Major League Soccer,Montreal Impact,DC United,27.04,28.98,0.4819,0.2746,0.2435,1.7,1.23,,,2.08,4.11,3.64,1.93,3.90,4.20,0.93,0.95,1.15
04/08/2018,1951,Major League Soccer,Orlando City SC,New England Revolution,24.49,28.63,0.4376,0.3312,0.2312,1.8,1.54,,,2.29,4.33,3.02,2.27,3.90,3.20,0.99,0.90,1.06
04/08/2018,1952,Mexican Primera Division Torneo Apertura,Pachuca,Club América,42.12,48.76,0.3642,0.3516,0.2842,1.32,1.29,,,2.75,3.52,2.84,2.60,3.40,2.94,0.95,0.97,1.03
04/08/2018,1951,Major League Soccer,FC Dallas,San Jose Earthquakes,35.78,23.55,0.6403,0.1546,0.2052,2.08,0.91,,,1.56,4.87,6.47,1.48,5.00,7.65,0.95,1.03,1.18
04/08/2018,2105,Brasileiro Série A,Corinthians,Atlético Paranaense,51.38,46.91,0.5354,0.2037,0.2609,1.51,0.82,,,1.87,3.83,4.91,1.89,3.60,5.00,1.01,0.94,1.02
04/08/2018,1951,Major League Soccer,New York City FC,Vancouver Whitecaps,43.44,25.56,0.7394,0.0999,0.1607,2.5,0.81,,,1.35,6.22,10.01,1.49,4.87,7.50,1.10,0.78,0.75
04/08/2018,1951,Major League Soccer,Minnesota United FC,Seattle Sounders FC,23.23,32.79,0.3594,0.3846,0.2559,1.39,1.44,,,2.78,3.91,2.60,2.27,3.80,3.28,0.82,0.97,1.26
04/08/2018,1951,Major League Soccer,Houston Dynamo,Sporting Kansas City,32.68,38.58,0.4292,0.3229,0.2479,1.6,1.35,,,2.33,4.03,3.10,2.26,3.80,3.40,0.97,0.94,1.10
04/08/2018,1951,Major League Soccer,Colorado Rapids,Los Angeles Galaxy,21.9,35.76,0.3494,0.4077,0.2429,1.48,1.61,,,2.86,4.12,2.45,2.63,3.75,2.80,0.92,0.91,1.14
04/08/2018,1952,Mexican Primera Division Torneo Apertura,Monterrey,Querétaro,54.99,35.67,0.6186,0.1316,0.2498,1.72,0.64,,,1.62,4.00,7.60,1.61,4.04,7.00,1.00,1.01,0.92
04/08/2018,1952,Mexican Primera Division Torneo Apertura,Cruz Azul,Tigres UANL,49.95,50.41,0.4139,0.2744,0.3116,1.23,0.94,,,2.42,3.21,3.64,2.63,3.44,2.84,1.09,1.07,0.78
04/08/2018,1951,Major League Soccer,Real Salt Lake,Chicago Fire,27.95,25.59,0.5291,0.2483,0.2225,1.97,1.29,,,1.89,4.49,4.03,1.73,4.30,5.00,0.92,0.96,1.24
04/08/2018,1951,Major League Soccer,Portland Timbers,Philadelphia Union,36.94,32.18,0.5507,0.22,0.2293,1.87,1.1,,,1.82,4.36,4.55,1.71,4.40,4.86,0.94,1.01,1.07
05/08/2018,1874,Swedish Allsvenskan,Hammarby,Trelleborgs FF,43.81,20.03,0.769,0.0832,0.1477,2.58,0.74,,,1.30,6.77,12.02,1.30,6.50,11.75,1.00,0.96,0.98
05/08/2018,1874,Swedish Allsvenskan,Orebro SK,BK Hacken,30.49,44.06,0.3105,0.4262,0.2633,1.19,1.44,,,3.22,3.80,2.35,2.93,3.60,2.55,0.91,0.95,1.09
05/08/2018,1859,Norwegian Tippeligaen,Stromsgodset,Bodo/Glimt,32.5,26.33,0.5244,0.225,0.2506,1.65,0.99,,,1.91,3.99,4.44,1.80,4.06,4.84,0.94,1.02,1.09
05/08/2018,1859,Norwegian Tippeligaen,Tromso,Haugesund,38.58,33.22,0.5249,0.2466,0.2285,1.91,1.25,,,1.91,4.38,4.06,2.12,3.60,3.90,1.11,0.82,0.96
05/08/2018,1859,Norwegian Tippeligaen,Valerenga,Sandefjord,27.21,14.21,0.6448,0.1504,0.2048,2.09,0.9,,,1.55,4.88,6.65,1.48,4.75,8.20,0.95,0.97,1.23
05/08/2018,1859,Norwegian Tippeligaen,Stabaek,Sarpsborg,22.43,39.67,0.2859,0.4817,0.2324,1.38,1.85,,,3.50,4.30,2.08,2.63,3.47,2.89,0.75,0.81,1.39
05/08/2018,1859,Norwegian Tippeligaen,Kristiansund BK,Odd BK,32.95,30.18,0.4834,0.2633,0.2534,1.61,1.12,,,2.07,3.95,3.80,2.43,3.37,3.35,1.17,0.85,0.88
05/08/2018,1952,Mexican Primera Division Torneo Apertura,Toluca,Guadalajara,46.21,39.21,0.498,0.2221,0.2799,1.52,0.92,,,2.01,3.57,4.50,1.79,3.64,5.50,0.89,1.02,1.22
05/08/2018,1859,Norwegian Tippeligaen,Lillestrom,Molde,24.8,47.85,0.2476,0.512,0.2404,1.15,1.76,,,4.04,4.16,1.95,3.01,3.50,2.55,0.75,0.84,1.31
05/08/2018,2105,Brasileiro Série A,Paraná,Ceará,36.34,37.46,0.468,0.2301,0.3018,1.2,0.75,,,2.14,3.31,4.35,2.16,3.24,4.20,1.01,0.98,0.97
05/08/2018,2105,Brasileiro Série A,Vítoria,Cruzeiro,39.75,52.51,0.3496,0.3828,0.2675,1.23,1.3,,,2.86,3.74,2.61,2.78,3.43,2.85,0.97,0.92,1.09
05/08/2018,2105,Brasileiro Série A,São Paulo,Vasco da Gama,57.25,42.81,0.6403,0.1399,0.2198,1.83,0.72,,,1.56,4.55,7.15,1.42,4.75,9.91,0.91,1.04,1.39
05/08/2018,2105,Brasileiro Série A,América Mineiro,Palmeiras,38.92,59.09,0.2858,0.4567,0.2575,1.13,1.49,,,3.50,3.88,2.19,3.38,3.40,2.34,0.97,0.88,1.07
05/08/2018,2105,Brasileiro Série A,Sport Recife,Chapecoense AF,41.92,44.82,0.4516,0.2676,0.2808,1.31,0.94,,,2.21,3.56,3.74,2.04,3.42,4.20,0.92,0.96,1.12
05/08/2018,2105,Brasileiro Série A,Fluminense,Bahía,46.9,47.89,0.4779,0.2608,0.2612,1.48,1.02,,,2.09,3.83,3.83,2.01,3.64,4.33,0.96,0.95,1.13
05/08/2018,1951,Major League Soccer,New York Red Bulls,Los Angeles FC,43.56,34.16,0.6102,0.1853,0.2046,2.16,1.11,,,1.64,4.89,5.40,1.55,5.00,6.25,0.95,1.02,1.16
05/08/2018,1952,Mexican Primera Division Torneo Apertura,Santos Laguna,Puebla,46.3,37.66,0.5224,0.2221,0.2555,1.75,1.05,,,1.91,3.91,4.50,1.80,3.88,5.00,0.94,0.99,1.11
05/08/2018,1952,Mexican Primera Division Torneo Apertura,Tijuana,León,42.83,37.82,0.4899,0.2361,0.274,1.56,1,,,2.04,3.65,4.24,2.02,3.58,4.20,0.99,0.98,0.99
06/08/2018,1874,Swedish Allsvenskan,GIF Sundsvall,IFK Norrkoping,33.15,46.67,0.3275,0.4238,0.2487,1.35,1.57,,,3.05,4.02,2.36,4.33,3.80,1.95,1.42,0.95,0.83
06/08/2018,1874,Swedish Allsvenskan,IF Elfsborg,Östersunds FK,32.64,49.52,0.2899,0.4563,0.2537,1.19,1.56,,,3.45,3.94,2.19,2.88,3.65,2.60,0.83,0.93,1.19
06/08/2018,1859,Norwegian Tippeligaen,SK Brann,IK Start,41.57,13.77,0.8254,0.0358,0.1389,2.3,0.3,,,1.21,7.20,27.93,1.48,4.87,8.45,1.22,0.68,0.30
06/08/2018,2105,Brasileiro Série A,Atletico Mineiro,Internacional,52.82,56.82,0.4312,0.3159,0.2529,1.5,1.25,,,2.32,3.95,3.17,2.08,3.52,4.30,0.90,0.89,1.36
08/08/2018,2105,Brasileiro Série A,Ceará,Santos,37.46,49.14,0.3645,0.3456,0.2899,1.13,1.09,,,2.74,3.45,2.89,,,,,,
10/08/2018,1859,Norwegian Tippeligaen,Sandefjord,Tromso,14.21,38.58,0.1999,0.5864,0.2137,1.13,2.07,,,5.00,4.68,1.71,,,,,,
10/08/2018,1874,Swedish Allsvenskan,IFK Goteborg,IK Sirius,31.82,22.37,0.5914,0.2034,0.2052,2.17,1.21,,,1.69,4.87,4.92,,,,,,
10/08/2018,4582,National Women's Soccer League,Chicago Red Stars,North Carolina FC,49.59,68.49,0.2698,0.4675,0.2627,1.15,1.6,,,3.71,3.81,2.14,,,,,,
10/08/2018,1952,Mexican Primera Division Torneo Apertura,Puebla,Veracruz,37.66,30.14,0.5072,0.2119,0.2809,1.51,0.88,,,1.97,3.56,4.72,,,,,,
10/08/2018,1952,Mexican Primera Division Torneo Apertura,Morelia,Necaxa,39.84,41.33,0.4152,0.3074,0.2775,1.46,1.22,,,2.41,3.60,3.25,,,,,,
11/08/2018,1874,Swedish Allsvenskan,Dalkurd FF,Malmo FF,20.96,50.48,0.1637,0.6465,0.1897,1.09,2.32,,,6.11,5.27,1.55,,,,,,
11/08/2018,1859,Norwegian Tippeligaen,Rosenborg,Stabaek,53.97,22.43,0.8417,0.0308,0.1274,2.4,0.29,,,1.19,7.85,32.47,,,,,,
11/08/2018,1874,Swedish Allsvenskan,Orebro SK,Brommapojkarna,30.49,12.31,0.7505,0.0805,0.169,2.24,0.58,,,1.33,5.92,12.42,,,,,,
11/08/2018,2105,Brasileiro Série A,Ceará,Atlético Paranaense,37.46,46.91,0.3872,0.3268,0.286,1.19,1.07,,,2.58,3.50,3.06,,,,,,
11/08/2018,4582,National Women's Soccer League,Utah Royals FC,Seattle Reign FC,39.84,49.44,0.3429,0.3015,0.3556,0.9,0.82,,,2.92,2.81,3.32,,,,,,
11/08/2018,2105,Brasileiro Série A,Bahía,América Mineiro,47.89,38.92,0.5831,0.1796,0.2373,1.71,0.83,,,1.71,4.21,5.57,,,,,,
11/08/2018,1952,Mexican Primera Division Torneo Apertura,Lobos de la BUAP,Atlas,37.42,36.61,0.4368,0.281,0.2822,1.45,1.11,,,2.29,3.54,3.56,,,,,,
11/08/2018,4582,National Women's Soccer League,Sky Blue FC,Houston Dash,29.61,41.37,0.3335,0.4172,0.2494,1.47,1.67,,,3.00,4.01,2.40,,,,,,
11/08/2018,1951,Major League Soccer,Columbus Crew,Houston Dynamo,34.56,32.68,0.5249,0.2293,0.2457,1.69,1.03,,,1.91,4.07,4.36,,,,,,
11/08/2018,1951,Major League Soccer,New England Revolution,Philadelphia Union,28.63,32.18,0.4541,0.3033,0.2426,1.68,1.34,,,2.20,4.12,3.30,,,,,,
11/08/2018,4582,National Women's Soccer League,Orlando Pride,Portland Thorns,47.25,55.53,0.3728,0.3744,0.2529,1.55,1.55,,,2.68,3.95,2.67,,,,,,
11/08/2018,1952,Mexican Primera Division Torneo Apertura,Tigres UANL,Toluca,50.41,46.21,0.4753,0.232,0.2926,1.41,0.9,,,2.10,3.42,4.31,,,,,,
11/08/2018,1952,Mexican Primera Division Torneo Apertura,León,Querétaro,37.82,35.67,0.4447,0.2672,0.2881,1.42,1.04,,,2.25,3.47,3.74,,,,,,
11/08/2018,1951,Major League Soccer,Chicago Fire,New York Red Bulls,25.59,43.56,0.2952,0.4739,0.231,1.41,1.84,,,3.39,4.33,2.11,,,,,,
11/08/2018,1951,Major League Soccer,Colorado Rapids,San Jose Earthquakes,21.9,23.55,0.4788,0.2664,0.2547,1.58,1.12,,,2.09,3.93,3.75,,,,,,
11/08/2018,1951,Major League Soccer,Real Salt Lake,Montreal Impact,27.95,27.04,0.4981,0.2584,0.2435,1.71,1.16,,,2.01,4.11,3.87,,,,,,
11/08/2018,1952,Mexican Primera Division Torneo Apertura,Club América,Monterrey,48.76,54.99,0.3676,0.3443,0.2881,1.3,1.25,,,2.72,3.47,2.90,,,,,,
11/08/2018,1951,Major League Soccer,Los Angeles Galaxy,Minnesota United FC,35.76,23.23,0.6488,0.1691,0.1821,2.49,1.22,,,1.54,5.49,5.91,,,,,,
11/08/2018,1951,Major League Soccer,Los Angeles FC,Sporting Kansas City,34.16,38.58,0.4368,0.3276,0.2356,1.74,1.48,,,2.29,4.24,3.05,,,,,,
11/08/2018,1951,Major League Soccer,Portland Timbers,Vancouver Whitecaps,36.94,25.56,0.6358,0.1645,0.1997,2.18,1.02,,,1.57,5.01,6.08,,,,,,
12/08/2018,1874,Swedish Allsvenskan,BK Hacken,Djurgardens IF,44.06,48.92,0.3999,0.3176,0.2825,1.26,1.09,,,2.50,3.54,3.15,,,,,,
12/08/2018,1874,Swedish Allsvenskan,Östersunds FK,Kalmar FF,49.52,29.47,0.6499,0.1257,0.2244,1.79,0.64,,,1.54,4.46,7.96,,,,,,
12/08/2018,2105,Brasileiro Série A,Flamengo,Cruzeiro,60.51,52.51,0.564,0.1747,0.2612,1.5,0.7,,,1.77,3.83,5.72,,,,,,
12/08/2018,1874,Swedish Allsvenskan,AIK,IF Elfsborg,57.62,32.64,0.7621,0.0671,0.1708,2.14,0.46,,,1.31,5.85,14.90,,,,,,
12/08/2018,1859,Norwegian Tippeligaen,Sarpsborg,Lillestrom,39.67,24.8,0.6192,0.1662,0.2146,2,0.93,,,1.61,4.66,6.02,,,,,,
12/08/2018,1859,Norwegian Tippeligaen,IK Start,Ranheim,13.77,28.45,0.2884,0.4697,0.2419,1.3,1.72,,,3.47,4.13,2.13,,,,,,
12/08/2018,1859,Norwegian Tippeligaen,Molde,SK Brann,47.85,41.57,0.5056,0.2412,0.2532,1.63,1.04,,,1.98,3.95,4.15,,,,,,
12/08/2018,1859,Norwegian Tippeligaen,Bodo/Glimt,Kristiansund BK,26.33,32.95,0.4043,0.3329,0.2628,1.43,1.28,,,2.47,3.81,3.00,,,,,,
12/08/2018,1859,Norwegian Tippeligaen,Odd BK,Stromsgodset,30.18,32.5,0.4503,0.2887,0.261,1.51,1.16,,,2.22,3.83,3.46,,,,,,
12/08/2018,2105,Brasileiro Série A,Atletico Mineiro,Santos,52.82,49.14,0.5212,0.2473,0.2315,1.8,1.17,,,1.92,4.32,4.04,,,,,,
12/08/2018,2105,Brasileiro Série A,Paraná,Botafogo,36.34,45.32,0.3899,0.3158,0.2944,1.15,1,,,2.56,3.40,3.17,,,,,,
12/08/2018,2105,Brasileiro Série A,Sport Recife,São Paulo,41.92,57.25,0.3298,0.401,0.2692,1.18,1.32,,,3.03,3.71,2.49,,,,,,
12/08/2018,2105,Brasileiro Série A,Chapecoense AF,Corinthians,44.82,51.38,0.4155,0.2879,0.2966,1.17,0.92,,,2.41,3.37,3.47,,,,,,
12/08/2018,1951,Major League Soccer,Toronto FC,New York City FC,38.99,43.44,0.4406,0.3253,0.2341,1.77,1.49,,,2.27,4.27,3.07,,,,,,
12/08/2018,1952,Mexican Primera Division Torneo Apertura,Pumas Unam,Pachuca,40.71,42.12,0.4167,0.318,0.2653,1.57,1.34,,,2.40,3.77,3.14,,,,,,
12/08/2018,2105,Brasileiro Série A,Grêmio,Vítoria,57.52,39.75,0.6797,0.1076,0.2126,1.83,0.57,,,1.47,4.70,9.29,,,,,,
12/08/2018,2105,Brasileiro Série A,Palmeiras,Vasco da Gama,59.09,42.81,0.6588,0.1325,0.2087,1.93,0.73,,,1.52,4.79,7.55,,,,,,
12/08/2018,1952,Mexican Primera Division Torneo Apertura,Guadalajara,Santos Laguna,39.21,46.3,0.3674,0.3503,0.2823,1.34,1.3,,,2.72,3.54,2.85,,,,,,
12/08/2018,1951,Major League Soccer,DC United,Orlando City SC,28.98,24.49,0.5588,0.2311,0.2101,2.15,1.33,,,1.79,4.76,4.33,,,,,,
12/08/2018,1952,Mexican Primera Division Torneo Apertura,Tijuana,Cruz Azul,42.83,49.95,0.3549,0.3381,0.307,1.16,1.12,,,2.82,3.26,2.96,,,,,,
12/08/2018,1951,Major League Soccer,Seattle Sounders FC,FC Dallas,32.79,35.78,0.4769,0.2573,0.2658,1.48,1.02,,,2.10,3.76,3.89,,,,,,
13/08/2018,1874,Swedish Allsvenskan,IFK Norrkoping,Hammarby,46.67,43.81,0.4983,0.273,0.2287,1.87,1.34,,,2.01,4.37,3.66,,,,,,
13/08/2018,1874,Swedish Allsvenskan,Trelleborgs FF,GIF Sundsvall,20.03,33.15,0.3004,0.4509,0.2486,1.27,1.61,,,3.33,4.02,2.22,,,,,,
13/08/2018,1859,Norwegian Tippeligaen,Haugesund,Valerenga,33.22,27.21,0.5409,0.231,0.2281,1.91,1.18,,,1.85,4.38,4.33,,,,,,
13/08/2018,2105,Brasileiro Série A,Fluminense,Internacional,46.9,56.82,0.3785,0.3334,0.2881,1.16,1.07,,,2.64,3.47,3.00,,,,,,
14/08/2018,1951,Major League Soccer,Los Angeles Galaxy,Colorado Rapids,35.76,21.9,0.645,0.1545,0.2005,2.14,0.94,,,1.55,4.99,6.47,,,,,,
15/08/2018,1951,Major League Soccer,DC United,Portland Timbers,28.98,36.94,0.4005,0.3578,0.2417,1.61,1.51,,,2.50,4.14,2.79,,,,,,
15/08/2018,1951,Major League Soccer,Los Angeles FC,Real Salt Lake,34.16,27.95,0.5654,0.2225,0.212,2.11,1.26,,,1.77,4.72,4.49,,,,,,
15/08/2018,4582,National Women's Soccer League,Seattle Reign FC,Chicago Red Stars,49.44,49.59,0.4533,0.2481,0.2985,1.31,0.89,,,2.21,3.35,4.03,,,,,,
17/08/2018,1874,Swedish Allsvenskan,IK Sirius,Dalkurd FF,22.37,20.96,0.4857,0.2986,0.2156,2.05,1.58,,,2.06,4.64,3.35,,,,,,
17/08/2018,1952,Mexican Primera Division Torneo Apertura,Veracruz,Guadalajara,30.14,39.21,0.3306,0.3608,0.3086,1.1,1.16,,,3.02,3.24,2.77,,,,,,
17/08/2018,4582,National Women's Soccer League,Houston Dash,Washington Spirit,41.37,30.8,0.5663,0.1713,0.2624,1.61,0.76,,,1.77,3.81,5.84,,,,,,
17/08/2018,1952,Mexican Primera Division Torneo Apertura,Atlas,Morelia,36.61,39.84,0.4011,0.3156,0.2833,1.4,1.21,,,2.49,3.53,3.17,,,,,,
18/08/2018,1874,Swedish Allsvenskan,Malmo FF,Trelleborgs FF,50.48,20.03,0.8249,0.0496,0.1255,2.63,0.5,,,1.21,7.97,20.16,,,,,,
18/08/2018,1859,Norwegian Tippeligaen,Kristiansund BK,Rosenborg,32.95,53.97,0.2337,0.5093,0.257,0.99,1.59,,,4.28,3.89,1.96,,,,,,
18/08/2018,1951,Major League Soccer,Seattle Sounders FC,Los Angeles Galaxy,32.79,35.76,0.4908,0.2625,0.2467,1.67,1.16,,,2.04,4.05,3.81,,,,,,
18/08/2018,1952,Mexican Primera Division Torneo Apertura,Cruz Azul,León,49.95,37.82,0.5651,0.1806,0.2543,1.74,0.87,,,1.77,3.93,5.54,,,,,,
18/08/2018,2105,Brasileiro Série A,Corinthians,Grêmio,51.38,57.52,0.411,0.2776,0.3114,1.09,0.84,,,2.43,3.21,3.60,,,,,,
18/08/2018,4582,National Women's Soccer League,Sky Blue FC,Utah Royals FC,29.61,39.84,0.3421,0.3623,0.2956,1.16,1.2,,,2.92,3.38,2.76,,,,,,
18/08/2018,1951,Major League Soccer,Philadelphia Union,New York City FC,32.18,43.44,0.3753,0.3798,0.2449,1.52,1.53,,,2.66,4.08,2.63,,,,,,
18/08/2018,4582,National Women's Soccer League,North Carolina FC,Orlando Pride,68.49,47.25,0.69,0.1199,0.1901,2.28,0.83,,,1.45,5.26,8.34,,,,,,
18/08/2018,1951,Major League Soccer,Vancouver Whitecaps,New York Red Bulls,25.56,43.56,0.2945,0.4751,0.2304,1.42,1.85,,,3.40,4.34,2.10,,,,,,
18/08/2018,1951,Major League Soccer,Montreal Impact,Chicago Fire,27.04,25.59,0.5243,0.2408,0.2349,1.81,1.15,,,1.91,4.26,4.15,,,,,,
18/08/2018,1952,Mexican Primera Division Torneo Apertura,Pachuca,Lobos de la BUAP,42.12,37.42,0.4839,0.2477,0.2684,1.61,1.08,,,2.07,3.73,4.04,,,,,,
18/08/2018,1951,Major League Soccer,FC Dallas,Minnesota United FC,35.78,23.23,0.6554,0.1543,0.1904,2.29,1.02,,,1.53,5.25,6.48,,,,,,
18/08/2018,2105,Brasileiro Série A,Santos,Sport Recife,49.14,41.92,0.564,0.1891,0.247,1.63,0.82,,,1.77,4.05,5.29,,,,,,
18/08/2018,1951,Major League Soccer,Sporting Kansas City,Portland Timbers,38.58,36.94,0.5137,0.2472,0.2391,1.76,1.15,,,1.95,4.18,4.05,,,,,,
18/08/2018,1951,Major League Soccer,Houston Dynamo,Real Salt Lake,32.68,27.95,0.5549,0.2207,0.2243,1.94,1.14,,,1.80,4.46,4.53,,,,,,
18/08/2018,1952,Mexican Primera Division Torneo Apertura,Querétaro,Club América,35.67,48.76,0.3035,0.3962,0.3003,1.08,1.27,,,3.29,3.33,2.52,,,,,,
18/08/2018,1952,Mexican Primera Division Torneo Apertura,Necaxa,Puebla,41.33,37.66,0.4703,0.2531,0.2766,1.53,1.05,,,2.13,3.62,3.95,,,,,,
18/08/2018,1951,Major League Soccer,San Jose Earthquakes,Toronto FC,23.55,38.99,0.3277,0.4389,0.2333,1.51,1.77,,,3.05,4.29,2.28,,,,,,
18/08/2018,1952,Mexican Primera Division Torneo Apertura,Monterrey,Pumas Unam,54.99,40.71,0.5941,0.173,0.2328,1.96,0.95,,,1.68,4.30,5.78,,,,,,
18/08/2018,4582,National Women's Soccer League,Portland Thorns,Chicago Red Stars,55.53,49.59,0.5168,0.2291,0.2541,1.71,1.05,,,1.93,3.94,4.36,,,,,,
19/08/2018,1874,Swedish Allsvenskan,IF Elfsborg,IFK Norrkoping,32.64,46.67,0.3225,0.4286,0.2489,1.33,1.57,,,3.10,4.02,2.33,,,,,,
19/08/2018,1874,Swedish Allsvenskan,GIF Sundsvall,BK Hacken,33.15,44.06,0.3386,0.3929,0.2685,1.23,1.35,,,2.95,3.72,2.55,,,,,,
19/08/2018,2105,Brasileiro Série A,Internacional,Paraná,56.82,36.34,0.6909,0.0831,0.226,1.67,0.4,,,1.45,4.42,12.03,,,,,,
19/08/2018,1874,Swedish Allsvenskan,Djurgardens IF,Kalmar FF,48.92,29.47,0.6477,0.1159,0.2364,1.67,0.54,,,1.54,4.23,8.63,,,,,,
19/08/2018,1874,Swedish Allsvenskan,Brommapojkarna,AIK,12.31,57.62,0.0661,0.791,0.1428,0.59,2.51,,,15.13,7.00,1.26,,,,,,
19/08/2018,1859,Norwegian Tippeligaen,Ranheim,Sandefjord,28.45,14.21,0.6573,0.1487,0.194,2.23,0.96,,,1.52,5.15,6.72,,,,,,
19/08/2018,1859,Norwegian Tippeligaen,SK Brann,Sarpsborg,41.57,39.67,0.5132,0.2395,0.2473,1.69,1.07,,,1.95,4.04,4.18,,,,,,
19/08/2018,1859,Norwegian Tippeligaen,Lillestrom,Haugesund,24.8,33.22,0.3801,0.3591,0.2608,1.4,1.36,,,2.63,3.83,2.78,,,,,,
19/08/2018,1859,Norwegian Tippeligaen,Stabaek,Molde,22.43,47.85,0.2153,0.5672,0.2175,1.18,2.04,,,4.64,4.60,1.76,,,,,,
19/08/2018,1859,Norwegian Tippeligaen,Stromsgodset,IK Start,32.5,13.77,0.7012,0.108,0.1908,2.12,0.69,,,1.43,5.24,9.26,,,,,,
19/08/2018,1952,Mexican Primera Division Torneo Apertura,Toluca,Tijuana,46.21,42.83,0.4583,0.2524,0.2892,1.42,0.98,,,2.18,3.46,3.96,,,,,,
19/08/2018,1859,Norwegian Tippeligaen,Valerenga,Tromso,27.21,38.58,0.3471,0.4143,0.2386,1.53,1.69,,,2.88,4.19,2.41,,,,,,
19/08/2018,2105,Brasileiro Série A,Cruzeiro,Bahía,52.51,47.89,0.5386,0.1998,0.2616,1.5,0.8,,,1.86,3.82,5.01,,,,,,
19/08/2018,2105,Brasileiro Série A,Botafogo,Atletico Mineiro,45.32,52.82,0.4186,0.3379,0.2436,1.57,1.39,,,2.39,4.11,2.96,,,,,,
19/08/2018,2105,Brasileiro Série A,Atlético Paranaense,Flamengo,46.91,60.51,0.3456,0.3837,0.2707,1.2,1.28,,,2.89,3.69,2.61,,,,,,
19/08/2018,2105,Brasileiro Série A,Vítoria,Palmeiras,39.75,59.09,0.2901,0.4681,0.2418,1.25,1.66,,,3.45,4.14,2.14,,,,,,
19/08/2018,1951,Major League Soccer,Atlanta United FC,Columbus Crew,45.86,34.56,0.6034,0.1709,0.2257,1.87,0.88,,,1.66,4.43,5.85,,,,,,
19/08/2018,2105,Brasileiro Série A,São Paulo,Chapecoense AF,57.25,44.82,0.6106,0.1443,0.2451,1.61,0.64,,,1.64,4.08,6.93,,,,,,
19/08/2018,2105,Brasileiro Série A,América Mineiro,Fluminense,38.92,46.9,0.402,0.3254,0.2726,1.3,1.14,,,2.49,3.67,3.07,,,,,,
19/08/2018,1952,Mexican Primera Division Torneo Apertura,Santos Laguna,Tigres UANL,46.3,50.41,0.3758,0.3337,0.2906,1.3,1.21,,,2.66,3.44,3.00,,,,,,
19/08/2018,1951,Major League Soccer,DC United,New England Revolution,28.98,28.63,0.4972,0.2708,0.232,1.84,1.31,,,2.01,4.31,3.69,,,,,,
19/08/2018,1951,Major League Soccer,Los Angeles FC,Colorado Rapids,34.16,21.9,0.6292,0.1631,0.2077,2.07,0.95,,,1.59,4.81,6.13,,,,,,
20/08/2018,1859,Norwegian Tippeligaen,Bodo/Glimt,Odd BK,26.33,30.18,0.4183,0.3006,0.2812,1.32,1.07,,,2.39,3.56,3.33,,,,,,
20/08/2018,1874,Swedish Allsvenskan,IFK Goteborg,Östersunds FK,31.82,49.52,0.2775,0.4802,0.2424,1.24,1.7,,,3.60,4.13,2.08,,,,,,
20/08/2018,1874,Swedish Allsvenskan,Hammarby,Orebro SK,43.81,30.49,0.6001,0.1866,0.2133,2.03,1.04,,,1.67,4.69,5.36,,,,,,
20/08/2018,1952,Mexican Primera Division Torneo Apertura,Puebla,Atlas,37.66,36.61,0.4391,0.2748,0.2861,1.43,1.07,,,2.28,3.50,3.64,,,,,,
20/08/2018,2105,Brasileiro Série A,Vasco da Gama,Ceará,42.81,37.46,0.5413,0.1968,0.262,1.5,0.79,,,1.85,3.82,5.08,,,,,,
20/08/2018,1952,Mexican Primera Division Torneo Apertura,Pumas Unam,Querétaro,40.71,35.67,0.4754,0.25,0.2746,1.55,1.05,,,2.10,3.64,4.00,,,,,,
20/08/2018,1952,Mexican Primera Division Torneo Apertura,Morelia,Pachuca,39.84,42.12,0.4084,0.3157,0.2759,1.47,1.26,,,2.45,3.62,3.17,,,,,,
20/08/2018,1952,Mexican Primera Division Torneo Apertura,Guadalajara,Necaxa,39.21,41.33,0.409,0.2978,0.2932,1.34,1.1,,,2.44,3.41,3.36,,,,,,
21/08/2018,1952,Mexican Primera Division Torneo Apertura,Tigres UANL,Veracruz,50.41,30.14,0.6353,0.113,0.2516,1.68,0.54,,,1.57,3.97,8.85,,,,,,
21/08/2018,1952,Mexican Primera Division Torneo Apertura,Cruz Azul,Toluca,49.95,46.21,0.4698,0.2434,0.2867,1.45,0.96,,,2.13,3.49,4.11,,,,,,
21/08/2018,1952,Mexican Primera Division Torneo Apertura,Lobos de la BUAP,Monterrey,37.42,54.99,0.2619,0.4676,0.2704,1.12,1.58,,,3.82,3.70,2.14,,,,,,
21/08/2018,1952,Mexican Primera Division Torneo Apertura,León,Club América,37.82,48.76,0.3215,0.404,0.2745,1.28,1.47,,,3.11,3.64,2.48,,,,,,
21/08/2018,4582,National Women's Soccer League,Seattle Reign FC,Houston Dash,49.44,41.37,0.5407,0.1891,0.2702,1.55,0.8,,,1.85,3.70,5.29,,,,,,
22/08/2018,2105,Brasileiro Série A,Fluminense,Corinthians,46.9,51.38,0.436,0.2832,0.2808,1.3,0.99,,,2.29,3.56,3.53,,,,,,
22/08/2018,2105,Brasileiro Série A,Bahía,Internacional,47.89,56.82,0.3875,0.3308,0.2817,1.22,1.1,,,2.58,3.55,3.02,,,,,,
22/08/2018,2105,Brasileiro Série A,Paraná,São Paulo,36.34,57.25,0.2793,0.4378,0.2829,0.96,1.28,,,3.58,3.53,2.28,,,,,,
22/08/2018,2105,Brasileiro Série A,Chapecoense AF,Atlético Paranaense,44.82,46.91,0.4657,0.2561,0.2782,1.34,0.92,,,2.15,3.59,3.90,,,,,,
22/08/2018,2105,Brasileiro Série A,Grêmio,Cruzeiro,57.52,52.51,0.535,0.171,0.294,1.28,0.59,,,1.87,3.40,5.85,,,,,,
22/08/2018,2105,Brasileiro Série A,Flamengo,Vítoria,60.51,39.75,0.7092,0.1061,0.1848,2.13,0.68,,,1.41,5.41,9.43,,,,,,
22/08/2018,2105,Brasileiro Série A,Palmeiras,Botafogo,59.09,45.32,0.6297,0.1459,0.2244,1.8,0.73,,,1.59,4.46,6.85,,,,,,
22/08/2018,2105,Brasileiro Série A,Sport Recife,América Mineiro,41.92,38.92,0.5194,0.2244,0.2562,1.55,0.92,,,1.93,3.90,4.46,,,,,,
22/08/2018,2105,Brasileiro Série A,Atletico Mineiro,Vasco da Gama,52.82,42.81,0.5936,0.1954,0.211,2.03,1.08,,,1.68,4.74,5.12,,,,,,
22/08/2018,1952,Mexican Primera Division Torneo Apertura,Tijuana,Santos Laguna,42.83,46.3,0.4049,0.3123,0.2828,1.41,1.2,,,2.47,3.54,3.20,,,,,,
22/08/2018,1951,Major League Soccer,New York City FC,New York Red Bulls,43.44,43.56,0.4927,0.268,0.2393,1.75,1.23,,,2.03,4.18,3.73,,,,,,
22/08/2018,4582,National Women's Soccer League,Washington Spirit,Utah Royals FC,30.8,39.84,0.3407,0.3041,0.3552,0.89,0.83,,,2.94,2.82,3.29,,,,,,
22/08/2018,4582,National Women's Soccer League,Portland Thorns,Sky Blue FC,55.53,29.61,0.7712,0.0764,0.1524,2.58,0.69,,,1.30,6.56,13.09,,,,,,
23/08/2018,1951,Major League Soccer,Chicago Fire,Columbus Crew,25.59,34.56,0.3776,0.3715,0.2509,1.47,1.46,,,2.65,3.99,2.69,,,,,,
23/08/2018,1951,Major League Soccer,Houston Dynamo,FC Dallas,32.68,35.78,0.4601,0.2952,0.2447,1.67,1.29,,,2.17,4.09,3.39,,,,,,
24/08/2018,1951,Major League Soccer,Orlando City SC,Atlanta United FC,24.49,45.86,0.259,0.5243,0.2167,1.4,2.06,,,3.86,4.61,1.91,,,,,,
24/08/2018,1952,Mexican Primera Division Torneo Apertura,Atlas,Guadalajara,36.61,39.21,0.3986,0.302,0.2993,1.28,1.08,,,2.51,3.34,3.31,,,,,,
24/08/2018,1951,Major League Soccer,Los Angeles Galaxy,Los Angeles FC,35.76,34.16,0.5144,0.2726,0.2131,2.12,1.51,,,1.94,4.69,3.67,,,,,,
25/08/2018,1874,Swedish Allsvenskan,Malmo FF,IK Sirius,50.48,22.37,0.8125,0.0625,0.125,2.8,0.67,,,1.23,8.00,16.00,,,,,,
25/08/2018,1859,Norwegian Tippeligaen,Rosenborg,Stromsgodset,53.97,32.5,0.7088,0.0925,0.1987,1.97,0.55,,,1.41,5.03,10.81,,,,,,
25/08/2018,1859,Norwegian Tippeligaen,Tromso,Bodo/Glimt,38.58,26.33,0.586,0.1853,0.2287,1.87,0.94,,,1.71,4.37,5.40,,,,,,
25/08/2018,2105,Brasileiro Série A,Vasco da Gama,Chapecoense AF,42.81,44.82,0.4611,0.2629,0.276,1.35,0.95,,,2.17,3.62,3.80,,,,,,
25/08/2018,2105,Brasileiro Série A,Botafogo,Sport Recife,45.32,41.92,0.5235,0.219,0.2575,1.53,0.89,,,1.91,3.88,4.57,,,,,,
25/08/2018,2105,Brasileiro Série A,Internacional,Palmeiras,56.82,59.09,0.4685,0.2561,0.2754,1.37,0.93,,,2.13,3.63,3.90,,,,,,
25/08/2018,2105,Brasileiro Série A,Atlético Paranaense,Grêmio,46.91,57.52,0.366,0.3361,0.2979,1.09,1.03,,,2.73,3.36,2.98,,,,,,
25/08/2018,2105,Brasileiro Série A,América Mineiro,Flamengo,38.92,60.51,0.2714,0.4671,0.2615,1.06,1.47,,,3.68,3.82,2.14,,,,,,
25/08/2018,2105,Brasileiro Série A,Cruzeiro,Fluminense,52.51,46.9,0.5463,0.1887,0.265,1.48,0.74,,,1.83,3.77,5.30,,,,,,
25/08/2018,2105,Brasileiro Série A,Santos,Bahía,49.14,47.89,0.5018,0.2402,0.258,1.52,0.97,,,1.99,3.88,4.16,,,,,,
25/08/2018,2105,Brasileiro Série A,Corinthians,Paraná,51.38,36.34,0.6382,0.1158,0.246,1.57,0.5,,,1.57,4.07,8.64,,,,,,
25/08/2018,2105,Brasileiro Série A,Vítoria,Atletico Mineiro,39.75,52.82,0.3552,0.418,0.2268,1.61,1.76,,,2.82,4.41,2.39,,,,,,
25/08/2018,2105,Brasileiro Série A,São Paulo,Ceará,57.25,37.46,0.686,0.098,0.216,1.78,0.5,,,1.46,4.63,10.20,,,,,,
25/08/2018,4582,National Women's Soccer League,Orlando Pride,Chicago Red Stars,47.25,49.59,0.4312,0.3117,0.2571,1.61,1.34,,,2.32,3.89,3.21,,,,,,
25/08/2018,4582,National Women's Soccer League,Seattle Reign FC,North Carolina FC,49.44,68.49,0.2745,0.4315,0.294,0.99,1.32,,,3.64,3.40,2.32,,,,,,
25/08/2018,1952,Mexican Primera Division Torneo Apertura,Pachuca,Puebla,42.12,37.66,0.4786,0.2482,0.2732,1.57,1.05,,,2.09,3.66,4.03,,,,,,
25/08/2018,1951,Major League Soccer,Philadelphia Union,New England Revolution,32.18,28.63,0.538,0.2319,0.2301,1.87,1.15,,,1.86,4.35,4.31,,,,,,
25/08/2018,1951,Major League Soccer,Toronto FC,Montreal Impact,38.99,27.04,0.6176,0.1725,0.2099,2.06,0.99,,,1.62,4.76,5.80,,,,,,
25/08/2018,4582,National Women's Soccer League,Washington Spirit,Portland Thorns,30.8,55.53,0.2217,0.5063,0.272,0.92,1.54,,,4.51,3.68,1.98,,,,,,
25/08/2018,4582,National Women's Soccer League,Houston Dash,Sky Blue FC,41.37,29.61,0.5936,0.1864,0.22,2.07,1.07,,,1.68,4.55,5.36,,,,,,
25/08/2018,1951,Major League Soccer,Sporting Kansas City,Minnesota United FC,38.58,23.23,0.6848,0.1346,0.1806,2.37,0.95,,,1.46,5.54,7.43,,,,,,
25/08/2018,1951,Major League Soccer,Colorado Rapids,Real Salt Lake,21.9,27.95,0.4278,0.3174,0.2548,1.53,1.28,,,2.34,3.92,3.15,,,,,,
25/08/2018,1952,Mexican Primera Division Torneo Apertura,Monterrey,Morelia,54.99,39.84,0.5943,0.165,0.2407,1.86,0.86,,,1.68,4.15,6.06,,,,,,
25/08/2018,1952,Mexican Primera Division Torneo Apertura,Club América,Pumas Unam,48.76,40.71,0.528,0.222,0.25,1.81,1.09,,,1.89,4.00,4.50,,,,,,
25/08/2018,1951,Major League Soccer,San Jose Earthquakes,Vancouver Whitecaps,23.55,25.56,0.4754,0.2903,0.2343,1.8,1.36,,,2.10,4.27,3.44,,,,,,
25/08/2018,1952,Mexican Primera Division Torneo Apertura,Necaxa,Tigres UANL,41.33,50.41,0.3304,0.3667,0.3029,1.13,1.2,,,3.03,3.30,2.73,,,,,,
26/08/2018,1874,Swedish Allsvenskan,BK Hacken,Brommapojkarna,44.06,12.31,0.8596,0.0286,0.1118,2.57,0.31,,,1.16,8.94,34.97,,,,,,
26/08/2018,1874,Swedish Allsvenskan,Östersunds FK,GIF Sundsvall,49.52,33.15,0.6308,0.1532,0.2159,1.93,0.83,,,1.59,4.63,6.53,,,,,,
26/08/2018,1874,Swedish Allsvenskan,Djurgardens IF,IF Elfsborg,48.92,32.64,0.6344,0.1404,0.2252,1.81,0.71,,,1.58,4.44,7.12,,,,,,
26/08/2018,1874,Swedish Allsvenskan,AIK,Trelleborgs FF,57.62,20.03,0.8764,0.0244,0.0992,2.72,0.3,,,1.14,10.08,40.98,,,,,,
26/08/2018,1859,Norwegian Tippeligaen,Molde,Ranheim,47.85,28.45,0.688,0.1348,0.1771,2.44,1,,,1.45,5.65,7.42,,,,,,
26/08/2018,1859,Norwegian Tippeligaen,Sandefjord,Lillestrom,14.21,24.8,0.3158,0.4193,0.265,1.21,1.44,,,3.17,3.77,2.38,,,,,,
26/08/2018,1859,Norwegian Tippeligaen,Haugesund,Stabaek,33.22,22.43,0.5977,0.1853,0.217,2.01,1.02,,,1.67,4.61,5.40,,,,,,
26/08/2018,1859,Norwegian Tippeligaen,Sarpsborg,Kristiansund BK,39.67,32.95,0.5397,0.2369,0.2233,1.98,1.25,,,1.85,4.48,4.22,,,,,,
26/08/2018,1952,Mexican Primera Division Torneo Apertura,Querétaro,Lobos de la BUAP,35.67,37.42,0.4144,0.2896,0.296,1.33,1.06,,,2.41,3.38,3.45,,,,,,
26/08/2018,1859,Norwegian Tippeligaen,Valerenga,SK Brann,27.21,41.57,0.2971,0.4439,0.259,1.2,1.52,,,3.37,3.86,2.25,,,,,,
26/08/2018,1952,Mexican Primera Division Torneo Apertura,Toluca,León,46.21,37.82,0.5256,0.2162,0.2582,1.72,1.01,,,1.90,3.87,4.63,,,,,,
26/08/2018,1952,Mexican Primera Division Torneo Apertura,Santos Laguna,Cruz Azul,46.3,49.95,0.3856,0.3312,0.2832,1.37,1.25,,,2.59,3.53,3.02,,,,,,
26/08/2018,1952,Mexican Primera Division Torneo Apertura,Veracruz,Tijuana,30.14,42.83,0.2964,0.3966,0.307,1.02,1.23,,,3.37,3.26,2.52,,,,,,
26/08/2018,1951,Major League Soccer,New York Red Bulls,DC United,43.56,28.98,0.6621,0.1456,0.1923,2.23,0.94,,,1.51,5.20,6.87,,,,,,
26/08/2018,1951,Major League Soccer,Portland Timbers,Seattle Sounders FC,36.94,32.79,0.5211,0.2209,0.258,1.57,0.93,,,1.92,3.88,4.53,,,,,,
27/08/2018,1859,Norwegian Tippeligaen,IK Start,Odd BK,13.77,30.18,0.2578,0.477,0.2652,1.03,1.5,,,3.88,3.77,2.10,,,,,,
27/08/2018,1874,Swedish Allsvenskan,IFK Norrkoping,IFK Goteborg,46.67,31.82,0.6215,0.1719,0.2066,2.09,1,,,1.61,4.84,5.82,,,,,,
27/08/2018,1874,Swedish Allsvenskan,Kalmar FF,Orebro SK,29.47,30.49,0.4534,0.2692,0.2774,1.37,0.98,,,2.21,3.60,3.71,,,,,,
27/08/2018,1874,Swedish Allsvenskan,Dalkurd FF,Hammarby,20.96,43.81,0.2176,0.5819,0.2004,1.34,2.27,,,4.60,4.99,1.72,,,,,,
29/08/2018,2105,Brasileiro Série A,Ceará,Bahía,37.46,47.89,0.3782,0.3389,0.2829,1.19,1.11,,,2.64,3.53,2.95,,,,,,
29/08/2018,2105,Brasileiro Série A,Atlético Paranaense,Vasco da Gama,46.91,42.81,0.5319,0.2193,0.2488,1.61,0.94,,,1.88,4.02,4.56,,,,,,
29/08/2018,1951,Major League Soccer,New York Red Bulls,Houston Dynamo,43.56,32.68,0.6143,0.1729,0.2128,2.02,0.97,,,1.63,4.70,5.78,,,,,,
29/08/2018,1951,Major League Soccer,DC United,Philadelphia Union,28.98,32.18,0.4549,0.308,0.2372,1.75,1.4,,,2.20,4.22,3.25,,,,,,
29/08/2018,1951,Major League Soccer,San Jose Earthquakes,FC Dallas,23.55,35.78,0.3532,0.3992,0.2475,1.44,1.55,,,2.83,4.04,2.51,,,,,,
29/08/2018,1951,Major League Soccer,Portland Timbers,Toronto FC,36.94,38.99,0.4841,0.2838,0.2321,1.83,1.36,,,2.07,4.31,3.52,,,,,,
31/08/2018,1874,Swedish Allsvenskan,Trelleborgs FF,IFK Norrkoping,20.03,46.67,0.1903,0.6035,0.2062,1.12,2.13,,,5.25,4.85,1.66,,,,,,
31/08/2018,1952,Mexican Primera Division Torneo Apertura,Morelia,Querétaro,39.84,35.67,0.4655,0.2477,0.2868,1.45,0.98,,,2.15,3.49,4.04,,,,,,
31/08/2018,1952,Mexican Primera Division Torneo Apertura,Tijuana,Necaxa,42.83,41.33,0.4467,0.2628,0.2905,1.4,1.01,,,2.24,3.44,3.81,,,,,,
31/08/2018,1952,Mexican Primera Division Torneo Apertura,Puebla,Monterrey,37.66,54.99,0.2648,0.4595,0.2757,1.1,1.53,,,3.78,3.63,2.18,,,,,,
01/09/2018,1859,Norwegian Tippeligaen,Stromsgodset,Tromso,32.5,38.58,0.4092,0.3474,0.2433,1.63,1.48,,,2.44,4.11,2.88,,,,,,
01/09/2018,1874,Swedish Allsvenskan,Brommapojkarna,Malmo FF,12.31,50.48,0.0977,0.7381,0.1642,0.76,2.41,,,10.24,6.09,1.35,,,,,,
01/09/2018,1874,Swedish Allsvenskan,AIK,BK Hacken,57.62,44.06,0.5972,0.1583,0.2445,1.66,0.72,,,1.67,4.09,6.32,,,,,,
01/09/2018,1874,Swedish Allsvenskan,Orebro SK,Östersunds FK,30.49,49.52,0.2677,0.486,0.2463,1.17,1.66,,,3.74,4.06,2.06,,,,,,
01/09/2018,2105,Brasileiro Série A,Sport Recife,Paraná,41.92,36.34,0.543,0.1894,0.2677,1.46,0.74,,,1.84,3.74,5.28,,,,,,
01/09/2018,2105,Brasileiro Série A,Grêmio,Botafogo,57.52,45.32,0.6151,0.1298,0.2552,1.52,0.54,,,1.63,3.92,7.70,,,,,,
01/09/2018,2105,Brasileiro Série A,Vítoria,América Mineiro,39.75,38.92,0.4973,0.2563,0.2463,1.63,1.1,,,2.01,4.06,3.90,,,,,,
01/09/2018,2105,Brasileiro Série A,Atlético Paranaense,Bahía,46.91,47.89,0.4778,0.2637,0.2585,1.5,1.05,,,2.09,3.87,3.79,,,,,,
01/09/2018,2105,Brasileiro Série A,Chapecoense AF,Palmeiras,44.82,59.09,0.345,0.3749,0.2801,1.14,1.2,,,2.90,3.57,2.67,,,,,,
01/09/2018,2105,Brasileiro Série A,Flamengo,Ceará,60.51,37.46,0.717,0.0811,0.2019,1.86,0.45,,,1.39,4.95,12.33,,,,,,
01/09/2018,2105,Brasileiro Série A,Vasco da Gama,Santos,42.81,49.14,0.4194,0.3127,0.2679,1.36,1.14,,,2.38,3.73,3.20,,,,,,
01/09/2018,2105,Brasileiro Série A,Corinthians,Atletico Mineiro,51.38,52.82,0.4864,0.2701,0.2436,1.65,1.17,,,2.06,4.11,3.70,,,,,,
01/09/2018,2105,Brasileiro Série A,Cruzeiro,Internacional,52.51,56.82,0.4366,0.2632,0.3001,1.18,0.85,,,2.29,3.33,3.80,,,,,,
01/09/2018,2105,Brasileiro Série A,São Paulo,Fluminense,57.25,46.9,0.5954,0.1652,0.2394,1.68,0.75,,,1.68,4.18,6.05,,,,,,
01/09/2018,1951,Major League Soccer,Seattle Sounders FC,Sporting Kansas City,32.79,38.58,0.4469,0.2826,0.2705,1.42,1.07,,,2.24,3.70,3.54,,,,,,
01/09/2018,1952,Mexican Primera Division Torneo Apertura,Cruz Azul,Veracruz,49.95,30.14,0.6317,0.1207,0.2476,1.72,0.6,,,1.58,4.04,8.29,,,,,,
01/09/2018,4582,National Women's Soccer League,Washington Spirit,Sky Blue FC,30.8,29.61,0.4623,0.2593,0.2785,1.46,1.02,,,2.16,3.59,3.86,,,,,,
01/09/2018,1951,Major League Soccer,Orlando City SC,Philadelphia Union,24.49,32.18,0.3957,0.3718,0.2325,1.7,1.65,,,2.53,4.30,2.69,,,,,,
01/09/2018,1951,Major League Soccer,Montreal Impact,New York Red Bulls,27.04,43.56,0.324,0.4222,0.2537,1.31,1.53,,,3.09,3.94,2.37,,,,,,
01/09/2018,1951,Major League Soccer,New England Revolution,Portland Timbers,28.63,36.94,0.4002,0.3524,0.2474,1.55,1.44,,,2.50,4.04,2.84,,,,,,
01/09/2018,1952,Mexican Primera Division Torneo Apertura,Tigres UANL,Atlas,50.41,36.61,0.5712,0.1583,0.2704,1.59,0.7,,,1.75,3.70,6.32,,,,,,
01/09/2018,1951,Major League Soccer,Toronto FC,Los Angeles FC,38.99,34.16,0.5532,0.2372,0.2096,2.16,1.37,,,1.81,4.77,4.22,,,,,,
01/09/2018,1951,Major League Soccer,FC Dallas,Houston Dynamo,35.78,32.68,0.5314,0.2348,0.2338,1.82,1.14,,,1.88,4.28,4.26,,,,,,
01/09/2018,1951,Major League Soccer,Columbus Crew,New York City FC,34.56,43.44,0.4118,0.3297,0.2585,1.47,1.29,,,2.43,3.87,3.03,,,,,,
01/09/2018,1952,Mexican Primera Division Torneo Apertura,León,Pumas Unam,37.82,40.71,0.4104,0.3301,0.2595,1.62,1.43,,,2.44,3.85,3.03,,,,,,
01/09/2018,1952,Mexican Primera Division Torneo Apertura,Guadalajara,Pachuca,39.21,42.12,0.4024,0.3061,0.2915,1.34,1.13,,,2.49,3.43,3.27,,,,,,
01/09/2018,1951,Major League Soccer,Vancouver Whitecaps,San Jose Earthquakes,25.56,23.55,0.5178,0.2541,0.2282,1.9,1.27,,,1.93,4.38,3.94,,,,,,
01/09/2018,1951,Major League Soccer,Real Salt Lake,Los Angeles Galaxy,27.95,35.76,0.4136,0.3577,0.2287,1.79,1.65,,,2.42,4.37,2.80,,,,,,
02/09/2018,1874,Swedish Allsvenskan,Dalkurd FF,IFK Goteborg,20.96,31.82,0.3255,0.443,0.2315,1.51,1.79,,,3.07,4.32,2.26,,,,,,
02/09/2018,1874,Swedish Allsvenskan,Hammarby,Djurgardens IF,43.81,48.92,0.3841,0.3582,0.2577,1.41,1.36,,,2.60,3.88,2.79,,,,,,
02/09/2018,1874,Swedish Allsvenskan,GIF Sundsvall,IK Sirius,33.15,22.37,0.6082,0.1858,0.2059,2.13,1.09,,,1.64,4.86,5.38,,,,,,
02/09/2018,1874,Swedish Allsvenskan,IF Elfsborg,Kalmar FF,32.64,29.47,0.4769,0.2464,0.2768,1.39,0.92,,,2.10,3.61,4.06,,,,,,
02/09/2018,1859,Norwegian Tippeligaen,Bodo/Glimt,Sarpsborg,26.33,39.67,0.3417,0.4029,0.2555,1.36,1.49,,,2.93,3.91,2.48,,,,,,
02/09/2018,1859,Norwegian Tippeligaen,Odd BK,Molde,30.18,47.85,0.3034,0.4425,0.2541,1.26,1.57,,,3.30,3.94,2.26,,,,,,
02/09/2018,1859,Norwegian Tippeligaen,Stabaek,Sandefjord,22.43,14.21,0.587,0.187,0.226,1.9,0.97,,,1.70,4.42,5.35,,,,,,
02/09/2018,1859,Norwegian Tippeligaen,SK Brann,Ranheim,41.57,28.45,0.6381,0.1521,0.2098,2.03,0.88,,,1.57,4.77,6.57,,,,,,
02/09/2018,1859,Norwegian Tippeligaen,Rosenborg,Haugesund,53.97,33.22,0.7047,0.0963,0.199,1.98,0.57,,,1.42,5.03,10.38,,,,,,
02/09/2018,1859,Norwegian Tippeligaen,Kristiansund BK,IK Start,32.95,13.77,0.7467,0.0835,0.1697,2.27,0.61,,,1.34,5.89,11.98,,,,,,
02/09/2018,1952,Mexican Primera Division Torneo Apertura,Toluca,Santos Laguna,46.21,46.3,0.4387,0.2901,0.2712,1.55,1.21,,,2.28,3.69,3.45,,,,,,
02/09/2018,1859,Norwegian Tippeligaen,Lillestrom,Valerenga,24.8,27.21,0.4481,0.2958,0.2561,1.56,1.22,,,2.23,3.90,3.38,,,,,,
02/09/2018,1952,Mexican Primera Division Torneo Apertura,Lobos de la BUAP,Club América,37.42,48.76,0.3181,0.4035,0.2784,1.25,1.44,,,3.14,3.59,2.48,,,,,,
02/09/2018,1951,Major League Soccer,DC United,Atlanta United FC,28.98,45.86,0.312,0.4533,0.2347,1.44,1.77,,,3.21,4.26,2.21,,,,,,
05/09/2018,2105,Brasileiro Série A,Ceará,Corinthians,37.46,51.38,0.3409,0.3606,0.2985,1.04,1.08,,,2.93,3.35,2.77,,,,,,
05/09/2018,2105,Brasileiro Série A,Fluminense,Vítoria,46.9,39.75,0.5686,0.1992,0.2322,1.78,0.95,,,1.76,4.31,5.02,,,,,,
05/09/2018,2105,Brasileiro Série A,América Mineiro,Vasco da Gama,38.92,42.81,0.4457,0.29,0.2643,1.43,1.1,,,2.24,3.78,3.45,,,,,,
05/09/2018,2105,Brasileiro Série A,Botafogo,Cruzeiro,45.32,52.51,0.4067,0.3041,0.2891,1.2,1,,,2.46,3.46,3.29,,,,,,
05/09/2018,2105,Brasileiro Série A,Bahía,Sport Recife,47.89,41.92,0.5509,0.2042,0.2449,1.65,0.9,,,1.82,4.08,4.90,,,,,,
05/09/2018,2105,Brasileiro Série A,Palmeiras,Atlético Paranaense,59.09,46.91,0.6156,0.1586,0.2258,1.8,0.79,,,1.62,4.43,6.31,,,,,,
05/09/2018,2105,Brasileiro Série A,Atletico Mineiro,São Paulo,52.82,57.25,0.4319,0.326,0.242,1.61,1.37,,,2.32,4.13,3.07,,,,,,
05/09/2018,2105,Brasileiro Série A,Paraná,Chapecoense AF,36.34,44.82,0.3918,0.3003,0.3079,1.08,0.91,,,2.55,3.25,3.33,,,,,,
05/09/2018,2105,Brasileiro Série A,Internacional,Flamengo,56.82,60.51,0.4496,0.2653,0.2851,1.28,0.91,,,2.22,3.51,3.77,,,,,,
05/09/2018,2105,Brasileiro Série A,Santos,Grêmio,49.14,57.52,0.388,0.3096,0.3023,1.1,0.95,,,2.58,3.31,3.23,,,,,,
05/09/2018,1951,Major League Soccer,New York City FC,New England Revolution,43.44,28.63,0.6584,0.1454,0.1962,2.17,0.91,,,1.52,5.10,6.88,,,,,,
07/09/2018,4582,National Women's Soccer League,Portland Thorns,Seattle Reign FC,55.53,49.44,0.5022,0.216,0.2818,1.46,0.86,,,1.99,3.55,4.63,,,,,,
08/09/2018,4582,National Women's Soccer League,Sky Blue FC,Orlando Pride,29.61,47.25,0.2787,0.4882,0.2331,1.43,1.95,,,3.59,4.29,2.05,,,,,,
08/09/2018,2105,Brasileiro Série A,Atletico Mineiro,Atlético Paranaense,52.82,46.91,0.5474,0.2289,0.2237,1.89,1.15,,,1.83,4.47,4.37,,,,,,
08/09/2018,2105,Brasileiro Série A,Fluminense,Botafogo,46.9,45.32,0.5026,0.2336,0.2638,1.48,0.91,,,1.99,3.79,4.28,,,,,,
08/09/2018,2105,Brasileiro Série A,Paraná,Santos,36.34,49.14,0.353,0.3541,0.2929,1.09,1.09,,,2.83,3.41,2.82,,,,,,
08/09/2018,2105,Brasileiro Série A,Internacional,Grêmio,56.82,57.52,0.4665,0.2238,0.3097,1.16,0.71,,,2.14,3.23,4.47,,,,,,
08/09/2018,2105,Brasileiro Série A,Vítoria,Vasco da Gama,39.75,42.81,0.4551,0.297,0.2479,1.58,1.23,,,2.20,4.03,3.37,,,,,,
08/09/2018,2105,Brasileiro Série A,Sport Recife,Cruzeiro,41.92,52.51,0.3723,0.3421,0.2856,1.17,1.11,,,2.69,3.50,2.92,,,,,,
08/09/2018,2105,Brasileiro Série A,América Mineiro,Ceará,38.92,37.46,0.4992,0.2248,0.276,1.38,0.83,,,2.00,3.62,4.45,,,,,,
08/09/2018,2105,Brasileiro Série A,Palmeiras,Corinthians,59.09,51.38,0.5624,0.1861,0.2515,1.58,0.79,,,1.78,3.98,5.37,,,,,,
08/09/2018,2105,Brasileiro Série A,São Paulo,Bahía,57.25,47.89,0.5879,0.175,0.237,1.71,0.81,,,1.70,4.22,5.71,,,,,,
08/09/2018,2105,Brasileiro Série A,Flamengo,Chapecoense AF,60.51,44.82,0.644,0.1227,0.2333,1.68,0.57,,,1.55,4.29,8.15,,,,,,
08/09/2018,4582,National Women's Soccer League,Utah Royals FC,Chicago Red Stars,39.84,49.59,0.3548,0.3274,0.3177,1.07,1.01,,,2.82,3.15,3.05,,,,,,
08/09/2018,1951,Major League Soccer,New York City FC,DC United,43.44,28.98,0.6598,0.1484,0.1918,2.25,0.97,,,1.52,5.21,6.74,,,,,,
08/09/2018,4582,National Women's Soccer League,North Carolina FC,Houston Dash,68.49,41.37,0.7774,0.067,0.1555,2.44,0.57,,,1.29,6.43,14.93,,,,,,
08/09/2018,1951,Major League Soccer,Sporting Kansas City,Orlando City SC,38.58,24.49,0.6706,0.1446,0.1848,2.34,1,,,1.49,5.41,6.92,,,,,,
08/09/2018,1951,Major League Soccer,Portland Timbers,Colorado Rapids,36.94,21.9,0.6627,0.1308,0.2065,2,0.75,,,1.51,4.84,7.65,,,,,,
12/09/2018,1951,Major League Soccer,DC United,Minnesota United FC,28.98,23.23,0.5746,0.2178,0.2076,2.17,1.28,,,1.74,4.82,4.59,,,,,,
14/09/2018,1952,Mexican Primera Division Torneo Apertura,Veracruz,Toluca,30.14,46.21,0.2716,0.4369,0.2915,1.03,1.39,,,3.68,3.43,2.29,,,,,,
14/09/2018,1952,Mexican Primera Division Torneo Apertura,Santos Laguna,León,46.3,37.82,0.5264,0.2257,0.248,1.83,1.12,,,1.90,4.03,4.43,,,,,,
15/09/2018,1874,Swedish Allsvenskan,Orebro SK,GIF Sundsvall,30.49,33.15,0.4268,0.3141,0.2591,1.48,1.23,,,2.34,3.86,3.18,,,,,,
15/09/2018,1859,Norwegian Tippeligaen,Haugesund,SK Brann,33.22,41.57,0.3591,0.3739,0.267,1.31,1.34,,,2.78,3.75,2.67,,,,,,
15/09/2018,1874,Swedish Allsvenskan,Östersunds FK,Malmo FF,49.52,50.48,0.4484,0.2953,0.2563,1.53,1.19,,,2.23,3.90,3.39,,,,,,
15/09/2018,2105,Brasileiro Série A,Santos,São Paulo,49.14,57.25,0.402,0.3232,0.2748,1.29,1.12,,,2.49,3.64,3.09,,,,,,
15/09/2018,2105,Brasileiro Série A,Chapecoense AF,Internacional,44.82,56.82,0.3597,0.3374,0.3028,1.05,1.01,,,2.78,3.30,2.96,,,,,,
15/09/2018,2105,Brasileiro Série A,Botafogo,América Mineiro,45.32,38.92,0.5556,0.1935,0.251,1.59,0.82,,,1.80,3.98,5.17,,,,,,
15/09/2018,2105,Brasileiro Série A,Atlético Paranaense,Fluminense,46.91,46.9,0.4863,0.2512,0.2625,1.48,0.98,,,2.06,3.81,3.98,,,,,,
15/09/2018,2105,Brasileiro Série A,Bahía,Palmeiras,47.89,59.09,0.3716,0.3661,0.2623,1.32,1.31,,,2.69,3.81,2.73,,,,,,
15/09/2018,2105,Brasileiro Série A,Vasco da Gama,Flamengo,42.81,60.51,0.3062,0.4304,0.2634,1.15,1.41,,,3.27,3.80,2.32,,,,,,
15/09/2018,2105,Brasileiro Série A,Cruzeiro,Atletico Mineiro,52.51,52.82,0.4997,0.2552,0.2451,1.64,1.1,,,2.00,4.08,3.92,,,,,,
15/09/2018,2105,Brasileiro Série A,Corinthians,Sport Recife,51.38,41.92,0.5873,0.1655,0.2472,1.61,0.72,,,1.70,4.05,6.04,,,,,,
15/09/2018,2105,Brasileiro Série A,Grêmio,Paraná,57.52,36.34,0.6967,0.0704,0.2329,1.59,0.32,,,1.44,4.29,14.20,,,,,,
15/09/2018,2105,Brasileiro Série A,Ceará,Vítoria,37.46,39.75,0.4635,0.2717,0.2648,1.44,1.04,,,2.16,3.78,3.68,,,,,,
15/09/2018,1951,Major League Soccer,Colorado Rapids,Atlanta United FC,21.9,45.86,0.2508,0.5072,0.242,1.14,1.73,,,3.99,4.13,1.97,,,,,,
15/09/2018,1952,Mexican Primera Division Torneo Apertura,Querétaro,Puebla,35.67,37.66,0.4094,0.2896,0.301,1.29,1.03,,,2.44,3.32,3.45,,,,,,
15/09/2018,1951,Major League Soccer,Toronto FC,Los Angeles Galaxy,38.99,35.76,0.5374,0.252,0.2105,2.16,1.44,,,1.86,4.75,3.97,,,,,,
15/09/2018,1951,Major League Soccer,Philadelphia Union,Montreal Impact,32.18,27.04,0.549,0.2143,0.2368,1.78,1.02,,,1.82,4.22,4.67,,,,,,
15/09/2018,1952,Mexican Primera Division Torneo Apertura,Pachuca,Tigres UANL,42.12,50.41,0.3375,0.3616,0.3009,1.16,1.21,,,2.96,3.32,2.77,,,,,,
15/09/2018,1951,Major League Soccer,FC Dallas,Columbus Crew,35.78,34.56,0.4986,0.2497,0.2517,1.62,1.07,,,2.01,3.97,4.00,,,,,,
15/09/2018,1952,Mexican Primera Division Torneo Apertura,Club América,Morelia,48.76,39.84,0.5292,0.2123,0.2585,1.72,0.99,,,1.89,3.87,4.71,,,,,,
15/09/2018,1951,Major League Soccer,Houston Dynamo,Portland Timbers,32.68,36.94,0.4472,0.3067,0.2461,1.64,1.32,,,2.24,4.06,3.26,,,,,,
15/09/2018,1951,Major League Soccer,Real Salt Lake,Minnesota United FC,27.95,23.23,0.563,0.2249,0.2121,2.11,1.27,,,1.78,4.71,4.45,,,,,,
15/09/2018,1951,Major League Soccer,Vancouver Whitecaps,Seattle Sounders FC,25.56,32.79,0.3891,0.3496,0.2613,1.41,1.32,,,2.57,3.83,2.86,,,,,,
15/09/2018,1952,Mexican Primera Division Torneo Apertura,Monterrey,Guadalajara,54.99,39.21,0.588,0.1573,0.2548,1.71,0.75,,,1.70,3.92,6.36,,,,,,
15/09/2018,1952,Mexican Primera Division Torneo Apertura,Necaxa,Cruz Azul,41.33,49.95,0.3395,0.365,0.2955,1.19,1.25,,,2.95,3.38,2.74,,,,,,
15/09/2018,1951,Major League Soccer,Los Angeles FC,New England Revolution,34.16,28.63,0.5545,0.2286,0.2169,2.04,1.25,,,1.80,4.61,4.37,,,,,,
15/09/2018,1951,Major League Soccer,San Jose Earthquakes,Sporting Kansas City,23.55,38.58,0.3249,0.4294,0.2457,1.38,1.62,,,3.08,4.07,2.33,,,,,,
16/09/2018,1874,Swedish Allsvenskan,IFK Norrkoping,AIK,46.67,57.62,0.3274,0.4111,0.2615,1.25,1.43,,,3.05,3.82,2.43,,,,,,
16/09/2018,1874,Swedish Allsvenskan,IFK Goteborg,IF Elfsborg,31.82,32.64,0.4453,0.3022,0.2525,1.56,1.24,,,2.25,3.96,3.31,,,,,,
16/09/2018,1874,Swedish Allsvenskan,Djurgardens IF,Brommapojkarna,48.92,12.31,0.8895,0.0172,0.0932,2.69,0.22,,,1.12,10.73,58.14,,,,,,
16/09/2018,1859,Norwegian Tippeligaen,Sarpsborg,Odd BK,39.67,30.18,0.5521,0.2133,0.2346,1.82,1.04,,,1.81,4.26,4.69,,,,,,
16/09/2018,1859,Norwegian Tippeligaen,IK Start,Lillestrom,13.77,24.8,0.3127,0.4131,0.2742,1.15,1.36,,,3.20,3.65,2.42,,,,,,
16/09/2018,1859,Norwegian Tippeligaen,Ranheim,Stromsgodset,28.45,32.5,0.4138,0.3484,0.2378,1.7,1.54,,,2.42,4.21,2.87,,,,,,
16/09/2018,1859,Norwegian Tippeligaen,Sandefjord,Bodo/Glimt,14.21,26.33,0.2971,0.4369,0.266,1.15,1.46,,,3.37,3.76,2.29,,,,,,
16/09/2018,1859,Norwegian Tippeligaen,Tromso,Stabaek,38.58,22.43,0.6523,0.1514,0.1963,2.21,0.97,,,1.53,5.09,6.61,,,,,,
16/09/2018,1952,Mexican Primera Division Torneo Apertura,Pumas Unam,Lobos de la BUAP,40.71,37.42,0.4692,0.2737,0.2571,1.71,1.26,,,2.13,3.89,3.65,,,,,,
16/09/2018,1951,Major League Soccer,DC United,New York Red Bulls,28.98,43.56,0.3333,0.4285,0.2382,1.48,1.7,,,3.00,4.20,2.33,,,,,,
16/09/2018,1859,Norwegian Tippeligaen,Valerenga,Rosenborg,27.21,53.97,0.1874,0.5749,0.2378,0.9,1.77,,,5.34,4.21,1.74,,,,,,
16/09/2018,1951,Major League Soccer,Chicago Fire,Orlando City SC,25.59,24.49,0.5151,0.2683,0.2166,2.06,1.45,,,1.94,4.62,3.73,,,,,,
16/09/2018,1952,Mexican Primera Division Torneo Apertura,Atlas,Tijuana,36.61,42.83,0.3614,0.3363,0.3023,1.2,1.14,,,2.77,3.31,2.97,,,,,,
17/09/2018,1874,Swedish Allsvenskan,IK Sirius,Hammarby,22.37,43.81,0.2307,0.5682,0.2012,1.41,2.28,,,4.33,4.97,1.76,,,,,,
17/09/2018,1874,Swedish Allsvenskan,Kalmar FF,Dalkurd FF,29.47,20.96,0.5844,0.1847,0.2308,1.82,0.91,,,1.71,4.33,5.41,,,,,,
17/09/2018,1874,Swedish Allsvenskan,BK Hacken,Trelleborgs FF,44.06,20.03,0.7768,0.0678,0.1554,2.33,0.53,,,1.29,6.44,14.75,,,,,,
17/09/2018,1859,Norwegian Tippeligaen,Molde,Kristiansund BK,47.85,32.95,0.6275,0.1685,0.2041,2.15,1.02,,,1.59,4.90,5.93,,,,,,
19/09/2018,1951,Major League Soccer,Portland Timbers,Columbus Crew,36.94,34.56,0.5113,0.2391,0.2496,1.65,1.05,,,1.96,4.01,4.18,,,,,,
19/09/2018,1951,Major League Soccer,Seattle Sounders FC,Philadelphia Union,32.79,32.18,0.5176,0.2258,0.2566,1.58,0.95,,,1.93,3.90,4.43,,,,,,
19/09/2018,1951,Major League Soccer,San Jose Earthquakes,Atlanta United FC,23.55,45.86,0.2598,0.5085,0.2317,1.26,1.85,,,3.85,4.32,1.97,,,,,,
21/09/2018,1874,Swedish Allsvenskan,Brommapojkarna,GIF Sundsvall,12.31,33.15,0.2034,0.5649,0.2318,1,1.82,,,4.92,4.31,1.77,,,,,,
21/09/2018,1952,Mexican Primera Division Torneo Apertura,Morelia,Pumas Unam,39.84,40.71,0.4322,0.3081,0.2597,1.65,1.36,,,2.31,3.85,3.25,,,,,,
21/09/2018,1952,Mexican Primera Division Torneo Apertura,Puebla,Club América,37.66,48.76,0.321,0.3959,0.2832,1.22,1.39,,,3.12,3.53,2.53,,,,,,
22/09/2018,1874,Swedish Allsvenskan,IK Sirius,Östersunds FK,22.37,49.52,0.1811,0.6245,0.1945,1.17,2.29,,,5.52,5.14,1.60,,,,,,
22/09/2018,1874,Swedish Allsvenskan,IF Elfsborg,Orebro SK,32.64,30.49,0.4842,0.2625,0.2532,1.59,1.1,,,2.07,3.95,3.81,,,,,,
22/09/2018,1874,Swedish Allsvenskan,Trelleborgs FF,Djurgardens IF,20.03,48.92,0.1664,0.6176,0.216,0.9,1.96,,,6.01,4.63,1.62,,,,,,
22/09/2018,1859,Norwegian Tippeligaen,Odd BK,Valerenga,30.18,27.21,0.5145,0.238,0.2475,1.68,1.07,,,1.94,4.04,4.20,,,,,,
22/09/2018,1874,Swedish Allsvenskan,Dalkurd FF,IFK Norrkoping,20.96,46.67,0.1938,0.6104,0.1958,1.24,2.3,,,5.16,5.11,1.64,,,,,,
22/09/2018,2105,Brasileiro Série A,Sport Recife,Palmeiras,41.92,59.09,0.3139,0.4251,0.261,1.19,1.43,,,3.19,3.83,2.35,,,,,,
22/09/2018,2105,Brasileiro Série A,Vasco da Gama,Bahía,42.81,47.89,0.4341,0.305,0.2608,1.44,1.16,,,2.30,3.83,3.28,,,,,,
22/09/2018,2105,Brasileiro Série A,Atlético Paranaense,Paraná,46.91,36.34,0.5947,0.1538,0.2515,1.57,0.65,,,1.68,3.98,6.50,,,,,,
22/09/2018,2105,Brasileiro Série A,Flamengo,Atletico Mineiro,60.51,52.82,0.5864,0.1961,0.2174,1.95,1.03,,,1.71,4.60,5.10,,,,,,
22/09/2018,2105,Brasileiro Série A,Vítoria,Botafogo,39.75,45.32,0.4266,0.317,0.2564,1.47,1.23,,,2.34,3.90,3.15,,,,,,
22/09/2018,2105,Brasileiro Série A,Cruzeiro,Santos,52.51,49.14,0.5227,0.2057,0.2716,1.42,0.78,,,1.91,3.68,4.86,,,,,,
22/09/2018,2105,Brasileiro Série A,Chapecoense AF,Fluminense,44.82,46.9,0.4647,0.2539,0.2814,1.32,0.9,,,2.15,3.55,3.94,,,,,,
22/09/2018,2105,Brasileiro Série A,São Paulo,América Mineiro,57.25,38.92,0.6778,0.1137,0.2085,1.89,0.62,,,1.48,4.80,8.80,,,,,,
22/09/2018,2105,Brasileiro Série A,Grêmio,Ceará,57.52,37.46,0.6871,0.0777,0.2352,1.59,0.35,,,1.46,4.25,12.87,,,,,,
22/09/2018,2105,Brasileiro Série A,Corinthians,Internacional,51.38,56.82,0.4245,0.2792,0.2963,1.19,0.9,,,2.36,3.37,3.58,,,,,,
22/09/2018,1951,Major League Soccer,Los Angeles FC,San Jose Earthquakes,34.16,23.55,0.6175,0.1801,0.2023,2.18,1.1,,,1.62,4.94,5.55,,,,,,
22/09/2018,1951,Major League Soccer,New York Red Bulls,Toronto FC,43.56,38.99,0.5563,0.2244,0.2192,2.01,1.21,,,1.80,4.56,4.46,,,,,,
22/09/2018,1952,Mexican Primera Division Torneo Apertura,Toluca,Necaxa,46.21,41.33,0.4814,0.2427,0.2759,1.54,1.02,,,2.08,3.62,4.12,,,,,,
22/09/2018,1951,Major League Soccer,Atlanta United FC,Real Salt Lake,45.86,27.95,0.6933,0.1248,0.1819,2.3,0.87,,,1.44,5.50,8.01,,,,,,
22/09/2018,1951,Major League Soccer,Montreal Impact,New York City FC,27.04,43.44,0.3265,0.4217,0.2519,1.33,1.55,,,3.06,3.97,2.37,,,,,,
22/09/2018,1951,Major League Soccer,Columbus Crew,Colorado Rapids,34.56,21.9,0.6424,0.1342,0.2234,1.83,0.69,,,1.56,4.48,7.45,,,,,,
22/09/2018,1951,Major League Soccer,New England Revolution,Chicago Fire,28.63,25.59,0.539,0.2377,0.2233,1.96,1.24,,,1.86,4.48,4.21,,,,,,
22/09/2018,1951,Major League Soccer,Orlando City SC,Houston Dynamo,24.49,32.68,0.3896,0.3772,0.2332,1.68,1.65,,,2.57,4.29,2.65,,,,,,
22/09/2018,1951,Major League Soccer,Minnesota United FC,Portland Timbers,23.23,36.94,0.3287,0.4395,0.2318,1.53,1.79,,,3.04,4.31,2.28,,,,,,
22/09/2018,1952,Mexican Primera Division Torneo Apertura,Tigres UANL,Monterrey,50.41,54.99,0.3872,0.3075,0.3052,1.23,1.06,,,2.58,3.28,3.25,,,,,,
22/09/2018,1952,Mexican Primera Division Torneo Apertura,Cruz Azul,Atlas,49.95,36.61,0.5667,0.1675,0.2658,1.63,0.76,,,1.76,3.76,5.97,,,,,,
22/09/2018,1952,Mexican Primera Division Torneo Apertura,Tijuana,Pachuca,42.83,42.12,0.4401,0.2706,0.2893,1.4,1.04,,,2.27,3.46,3.70,,,,,,
23/09/2018,1874,Swedish Allsvenskan,AIK,Hammarby,57.62,43.81,0.6282,0.1568,0.215,1.95,0.86,,,1.59,4.65,6.38,,,,,,
23/09/2018,1874,Swedish Allsvenskan,Malmo FF,Kalmar FF,50.48,29.47,0.6591,0.1201,0.2207,1.82,0.62,,,1.52,4.53,8.33,,,,,,
23/09/2018,1859,Norwegian Tippeligaen,SK Brann,Sandefjord,41.57,14.21,0.826,0.0397,0.1343,2.4,0.36,,,1.21,7.45,25.19,,,,,,
23/09/2018,1859,Norwegian Tippeligaen,Kristiansund BK,Haugesund,32.95,33.22,0.4653,0.2939,0.2408,1.73,1.33,,,2.15,4.15,3.40,,,,,,
23/09/2018,1859,Norwegian Tippeligaen,Stromsgodset,Molde,32.5,47.85,0.3158,0.4425,0.2416,1.4,1.7,,,3.17,4.14,2.26,,,,,,
23/09/2018,1859,Norwegian Tippeligaen,Bodo/Glimt,IK Start,26.33,13.77,0.6381,0.1333,0.2286,1.79,0.67,,,1.57,4.37,7.50,,,,,,
23/09/2018,1859,Norwegian Tippeligaen,Stabaek,Ranheim,22.43,28.45,0.4034,0.3584,0.2382,1.67,1.56,,,2.48,4.20,2.79,,,,,,
23/09/2018,1951,Major League Soccer,Philadelphia Union,Sporting Kansas City,32.18,38.58,0.4231,0.3295,0.2475,1.59,1.38,,,2.36,4.04,3.03,,,,,,
23/09/2018,1859,Norwegian Tippeligaen,Rosenborg,Sarpsborg,53.97,39.67,0.6514,0.132,0.2166,1.91,0.72,,,1.54,4.62,7.58,,,,,,
23/09/2018,1952,Mexican Primera Division Torneo Apertura,Guadalajara,Querétaro,39.21,35.67,0.4573,0.2385,0.3042,1.32,0.87,,,2.19,3.29,4.19,,,,,,
23/09/2018,1951,Major League Soccer,Vancouver Whitecaps,FC Dallas,25.56,35.78,0.3714,0.3897,0.2388,1.58,1.62,,,2.69,4.19,2.57,,,,,,
23/09/2018,1951,Major League Soccer,Los Angeles Galaxy,Seattle Sounders FC,35.76,32.79,0.4992,0.2554,0.2454,1.69,1.14,,,2.00,4.07,3.92,,,,,,
23/09/2018,1952,Mexican Primera Division Torneo Apertura,Santos Laguna,Veracruz,46.3,30.14,0.5984,0.1576,0.244,1.81,0.8,,,1.67,4.10,6.35,,,,,,
23/09/2018,1952,Mexican Primera Division Torneo Apertura,León,Lobos de la BUAP,37.82,37.42,0.4383,0.293,0.2687,1.57,1.24,,,2.28,3.72,3.41,,,,,,
24/09/2018,1859,Norwegian Tippeligaen,Lillestrom,Tromso,24.8,38.58,0.3306,0.4164,0.253,1.35,1.54,,,3.02,3.95,2.40,,,,,,
24/09/2018,1874,Swedish Allsvenskan,BK Hacken,IFK Goteborg,44.06,31.82,0.6009,0.173,0.2261,1.85,0.88,,,1.66,4.42,5.78,,,,,,
25/09/2018,1874,Swedish Allsvenskan,Orebro SK,IK Sirius,30.49,22.37,0.5766,0.2105,0.2129,2.07,1.18,,,1.73,4.70,4.75,,,,,,
26/09/2018,1874,Swedish Allsvenskan,GIF Sundsvall,Djurgardens IF,33.15,48.92,0.29,0.4426,0.2674,1.1,1.43,,,3.45,3.74,2.26,,,,,,
26/09/2018,1874,Swedish Allsvenskan,Trelleborgs FF,Dalkurd FF,20.03,20.96,0.4541,0.313,0.2328,1.78,1.45,,,2.20,4.30,3.19,,,,,,
26/09/2018,1874,Swedish Allsvenskan,Östersunds FK,Brommapojkarna,49.52,12.31,0.8909,0.021,0.0881,2.86,0.29,,,1.12,11.35,47.62,,,,,,
26/09/2018,1874,Swedish Allsvenskan,Hammarby,IF Elfsborg,43.81,32.64,0.5725,0.2048,0.2227,1.93,1.07,,,1.75,4.49,4.88,,,,,,
26/09/2018,1874,Swedish Allsvenskan,IFK Norrkoping,Malmo FF,46.67,50.48,0.4131,0.3369,0.2499,1.54,1.37,,,2.42,4.00,2.97,,,,,,
26/09/2018,1951,Major League Soccer,New York City FC,Chicago Fire,43.44,25.59,0.7388,0.0999,0.1612,2.49,0.81,,,1.35,6.20,10.01,,,,,,
27/09/2018,1874,Swedish Allsvenskan,IFK Goteborg,AIK,31.82,57.62,0.202,0.5644,0.2336,0.98,1.8,,,4.95,4.28,1.77,,,,,,
27/09/2018,1874,Swedish Allsvenskan,Kalmar FF,BK Hacken,29.47,44.06,0.3097,0.4008,0.2896,1.03,1.22,,,3.23,3.45,2.50,,,,,,
28/09/2018,1952,Mexican Primera Division Torneo Apertura,Veracruz,León,30.14,37.82,0.3523,0.3579,0.2899,1.26,1.27,,,2.84,3.45,2.79,,,,,,
28/09/2018,1952,Mexican Primera Division Torneo Apertura,Atlas,Toluca,36.61,46.21,0.3347,0.3741,0.2913,1.21,1.29,,,2.99,3.43,2.67,,,,,,
29/09/2018,1874,Swedish Allsvenskan,IK Sirius,IFK Norrkoping,22.37,46.67,0.2057,0.5973,0.197,1.3,2.31,,,4.86,5.08,1.67,,,,,,
29/09/2018,1859,Norwegian Tippeligaen,Sandefjord,Odd BK,14.21,30.18,0.2599,0.484,0.256,1.09,1.59,,,3.85,3.91,2.07,,,,,,
29/09/2018,2105,Brasileiro Série A,Ceará,Chapecoense AF,37.46,44.82,0.4038,0.2924,0.3037,1.12,0.91,,,2.48,3.29,3.42,,,,,,
29/09/2018,2105,Brasileiro Série A,Fluminense,Grêmio,46.9,57.52,0.3663,0.3322,0.3015,1.07,1,,,2.73,3.32,3.01,,,,,,
29/09/2018,2105,Brasileiro Série A,Santos,Atlético Paranaense,49.14,46.91,0.5112,0.2301,0.2587,1.52,0.93,,,1.96,3.87,4.35,,,,,,
29/09/2018,2105,Brasileiro Série A,Botafogo,São Paulo,45.32,57.25,0.3638,0.3607,0.2755,1.21,1.21,,,2.75,3.63,2.77,,,,,,
29/09/2018,2105,Brasileiro Série A,Palmeiras,Cruzeiro,59.09,52.51,0.5479,0.1928,0.2593,1.52,0.78,,,1.83,3.86,5.19,,,,,,
29/09/2018,2105,Brasileiro Série A,Atletico Mineiro,Sport Recife,52.82,41.92,0.6022,0.1869,0.2109,2.02,1.03,,,1.66,4.74,5.35,,,,,,
29/09/2018,2105,Brasileiro Série A,Paraná,Vasco da Gama,36.34,42.81,0.4167,0.2981,0.2852,1.24,1,,,2.40,3.51,3.35,,,,,,
29/09/2018,2105,Brasileiro Série A,Internacional,Vítoria,56.82,39.75,0.6724,0.12,0.2076,1.91,0.66,,,1.49,4.82,8.33,,,,,,
29/09/2018,2105,Brasileiro Série A,Bahía,Flamengo,47.89,60.51,0.3546,0.377,0.2684,1.24,1.29,,,2.82,3.73,2.65,,,,,,
29/09/2018,2105,Brasileiro Série A,América Mineiro,Corinthians,38.92,51.38,0.3549,0.3635,0.2816,1.16,1.17,,,2.82,3.55,2.75,,,,,,
29/09/2018,1951,Major League Soccer,Chicago Fire,Los Angeles FC,25.59,34.16,0.3975,0.3751,0.2274,1.77,1.72,,,2.52,4.40,2.67,,,,,,
29/09/2018,1951,Major League Soccer,Seattle Sounders FC,Colorado Rapids,32.79,21.9,0.6275,0.1341,0.2384,1.69,0.63,,,1.59,4.19,7.46,,,,,,
29/09/2018,1952,Mexican Primera Division Torneo Apertura,Querétaro,Tigres UANL,35.67,50.41,0.2795,0.4036,0.3169,0.94,1.19,,,3.58,3.16,2.48,,,,,,
29/09/2018,1951,Major League Soccer,DC United,Montreal Impact,28.98,27.04,0.5091,0.2515,0.2394,1.76,1.17,,,1.96,4.18,3.98,,,,,,
29/09/2018,1951,Major League Soccer,Columbus Crew,Philadelphia Union,34.56,32.18,0.5312,0.2251,0.2437,1.71,1.03,,,1.88,4.10,4.44,,,,,,
29/09/2018,1951,Major League Soccer,Toronto FC,New England Revolution,38.99,28.63,0.6078,0.1872,0.2051,2.16,1.12,,,1.65,4.88,5.34,,,,,,
29/09/2018,1952,Mexican Primera Division Torneo Apertura,Pachuca,Cruz Azul,42.12,49.95,0.3467,0.3598,0.2935,1.22,1.25,,,2.88,3.41,2.78,,,,,,
29/09/2018,1951,Major League Soccer,Minnesota United FC,New York City FC,23.23,43.44,0.2682,0.5126,0.2191,1.42,2.02,,,3.73,4.56,1.95,,,,,,
29/09/2018,1951,Major League Soccer,Houston Dynamo,San Jose Earthquakes,32.68,23.55,0.6061,0.1788,0.2151,2,0.99,,,1.65,4.65,5.59,,,,,,
29/09/2018,1951,Major League Soccer,Los Angeles Galaxy,Vancouver Whitecaps,35.76,25.56,0.6157,0.1901,0.1942,2.34,1.24,,,1.62,5.15,5.26,,,,,,
29/09/2018,1952,Mexican Primera Division Torneo Apertura,Monterrey,Tijuana,54.99,42.83,0.5483,0.1826,0.2691,1.61,0.81,,,1.82,3.72,5.48,,,,,,
29/09/2018,1952,Mexican Primera Division Torneo Apertura,Necaxa,Santos Laguna,41.33,46.3,0.3882,0.3375,0.2742,1.44,1.33,,,2.58,3.65,2.96,,,,,,
29/09/2018,1951,Major League Soccer,Portland Timbers,FC Dallas,36.94,35.78,0.5085,0.2523,0.2392,1.76,1.17,,,1.97,4.18,3.96,,,,,,
30/09/2018,1874,Swedish Allsvenskan,Kalmar FF,Brommapojkarna,29.47,12.31,0.6966,0.0964,0.207,1.88,0.53,,,1.44,4.83,10.37,,,,,,
30/09/2018,1874,Swedish Allsvenskan,Dalkurd FF,AIK,20.96,57.62,0.1159,0.713,0.1711,0.87,2.41,,,8.63,5.84,1.40,,,,,,
30/09/2018,1874,Swedish Allsvenskan,Djurgardens IF,Östersunds FK,48.92,49.52,0.4605,0.2717,0.2678,1.44,1.04,,,2.17,3.73,3.68,,,,,,
30/09/2018,1859,Norwegian Tippeligaen,Haugesund,Bodo/Glimt,33.22,26.33,0.5313,0.2217,0.247,1.69,1,,,1.88,4.05,4.51,,,,,,
30/09/2018,1859,Norwegian Tippeligaen,Ranheim,Kristiansund BK,28.45,32.95,0.4116,0.3534,0.235,1.72,1.59,,,2.43,4.26,2.83,,,,,,
30/09/2018,1859,Norwegian Tippeligaen,Lillestrom,Stabaek,24.8,22.43,0.5042,0.244,0.2518,1.64,1.06,,,1.98,3.97,4.10,,,,,,
30/09/2018,1859,Norwegian Tippeligaen,Valerenga,IK Start,27.21,13.77,0.6444,0.1448,0.2108,2,0.82,,,1.55,4.74,6.91,,,,,,
30/09/2018,1859,Norwegian Tippeligaen,Tromso,SK Brann,38.58,41.57,0.41,0.3284,0.2616,1.45,1.27,,,2.44,3.82,3.05,,,,,,
30/09/2018,1952,Mexican Primera Division Torneo Apertura,Pumas Unam,Puebla,40.71,37.66,0.464,0.2746,0.2614,1.67,1.23,,,2.16,3.83,3.64,,,,,,
30/09/2018,1951,Major League Soccer,New York Red Bulls,Atlanta United FC,43.56,45.86,0.4723,0.2846,0.2432,1.7,1.27,,,2.12,4.11,3.51,,,,,,
30/09/2018,1859,Norwegian Tippeligaen,Molde,Rosenborg,47.85,53.97,0.3627,0.3596,0.2777,1.24,1.24,,,2.76,3.60,2.78,,,,,,
30/09/2018,1951,Major League Soccer,Sporting Kansas City,Real Salt Lake,38.58,27.95,0.6209,0.1708,0.2083,2.08,0.99,,,1.61,4.80,5.85,,,,,,
30/09/2018,1952,Mexican Primera Division Torneo Apertura,Lobos de la BUAP,Morelia,37.42,39.84,0.4095,0.3174,0.273,1.49,1.28,,,2.44,3.66,3.15,,,,,,
30/09/2018,1952,Mexican Primera Division Torneo Apertura,Club América,Guadalajara,48.76,39.21,0.5242,0.2028,0.2729,1.58,0.88,,,1.91,3.66,4.93,,,,,,
01/10/2018,1874,Swedish Allsvenskan,Hammarby,IFK Goteborg,43.81,31.82,0.5901,0.1981,0.2118,2.07,1.12,,,1.69,4.72,5.05,,,,,,
01/10/2018,1874,Swedish Allsvenskan,Malmo FF,GIF Sundsvall,50.48,33.15,0.6404,0.1469,0.2127,1.96,0.81,,,1.56,4.70,6.81,,,,,,
01/10/2018,1874,Swedish Allsvenskan,IF Elfsborg,BK Hacken,32.64,44.06,0.3337,0.3975,0.2688,1.22,1.35,,,3.00,3.72,2.52,,,,,,
01/10/2018,1874,Swedish Allsvenskan,Orebro SK,Trelleborgs FF,30.49,20.03,0.5966,0.1826,0.2209,1.93,0.96,,,1.68,4.53,5.48,,,,,,
01/10/2018,1859,Norwegian Tippeligaen,Sarpsborg,Stromsgodset,39.67,32.5,0.5412,0.2332,0.2256,1.94,1.21,,,1.85,4.43,4.29,,,,,,
04/10/2018,2105,Brasileiro Série A,Chapecoense AF,Atletico Mineiro,44.82,52.82,0.4151,0.3315,0.2534,1.48,1.29,,,2.41,3.95,3.02,,,,,,
04/10/2018,2105,Brasileiro Série A,Grêmio,Bahía,57.52,47.89,0.5932,0.1505,0.2563,1.53,0.62,,,1.69,3.90,6.64,,,,,,
04/10/2018,2105,Brasileiro Série A,Atlético Paranaense,América Mineiro,46.91,38.92,0.5726,0.1848,0.2426,1.66,0.83,,,1.75,4.12,5.41,,,,,,
04/10/2018,2105,Brasileiro Série A,Sport Recife,Internacional,41.92,56.82,0.33,0.3869,0.283,1.09,1.21,,,3.03,3.53,2.58,,,,,,
04/10/2018,2105,Brasileiro Série A,Fluminense,Paraná,46.9,36.34,0.5943,0.1514,0.2544,1.54,0.63,,,1.68,3.93,6.61,,,,,,
04/10/2018,2105,Brasileiro Série A,Vítoria,Santos,39.75,49.14,0.3868,0.3565,0.2568,1.39,1.33,,,2.59,3.89,2.81,,,,,,
04/10/2018,2105,Brasileiro Série A,Cruzeiro,Ceará,52.51,37.46,0.6385,0.1144,0.2471,1.56,0.49,,,1.57,4.05,8.74,,,,,,
04/10/2018,2105,Brasileiro Série A,São Paulo,Palmeiras,57.25,59.09,0.4699,0.2673,0.2628,1.46,1.03,,,2.13,3.81,3.74,,,,,,
04/10/2018,2105,Brasileiro Série A,Corinthians,Flamengo,51.38,60.51,0.3925,0.3229,0.2846,1.21,1.07,,,2.55,3.51,3.10,,,,,,
04/10/2018,2105,Brasileiro Série A,Botafogo,Vasco da Gama,45.32,42.81,0.515,0.2288,0.2562,1.54,0.94,,,1.94,3.90,4.37,,,,,,
05/10/2018,1874,Swedish Allsvenskan,Östersunds FK,Dalkurd FF,49.52,20.96,0.8164,0.059,0.1246,2.77,0.63,,,1.22,8.03,16.95,,,,,,
05/10/2018,1952,Mexican Primera Division Torneo Apertura,Santos Laguna,Atlas,46.3,36.61,0.5298,0.2117,0.2585,1.71,0.99,,,1.89,3.87,4.72,,,,,,
05/10/2018,1952,Mexican Primera Division Torneo Apertura,Veracruz,Necaxa,30.14,41.33,0.3147,0.3876,0.2977,1.12,1.27,,,3.18,3.36,2.58,,,,,,
06/10/2018,1874,Swedish Allsvenskan,IK Sirius,IF Elfsborg,22.37,32.64,0.329,0.4354,0.2356,1.48,1.73,,,3.04,4.24,2.30,,,,,,
06/10/2018,1859,Norwegian Tippeligaen,Stabaek,Valerenga,22.43,27.21,0.4111,0.3422,0.2467,1.59,1.43,,,2.43,4.05,2.92,,,,,,
06/10/2018,1874,Swedish Allsvenskan,IFK Goteborg,Trelleborgs FF,31.82,20.03,0.6113,0.1766,0.2121,2.03,0.99,,,1.64,4.71,5.66,,,,,,
06/10/2018,1951,Major League Soccer,Montreal Impact,Columbus Crew,27.04,34.56,0.4052,0.3245,0.2703,1.36,1.19,,,2.47,3.70,3.08,,,,,,
06/10/2018,1951,Major League Soccer,Atlanta United FC,New England Revolution,45.86,28.63,0.6827,0.1292,0.1881,2.23,0.85,,,1.46,5.32,7.74,,,,,,
06/10/2018,1951,Major League Soccer,Toronto FC,Vancouver Whitecaps,38.99,25.56,0.6518,0.1617,0.1864,2.38,1.11,,,1.53,5.36,6.18,,,,,,
06/10/2018,1952,Mexican Primera Division Torneo Apertura,Cruz Azul,Monterrey,49.95,54.99,0.3812,0.3211,0.2977,1.26,1.13,,,2.62,3.36,3.11,,,,,,
06/10/2018,1951,Major League Soccer,Philadelphia Union,Minnesota United FC,32.18,23.23,0.6148,0.1836,0.2016,2.2,1.13,,,1.63,4.96,5.45,,,,,,
06/10/2018,1952,Mexican Primera Division Torneo Apertura,Tigres UANL,Club América,50.41,48.76,0.4501,0.2533,0.2966,1.36,0.95,,,2.22,3.37,3.95,,,,,,
06/10/2018,1952,Mexican Primera Division Torneo Apertura,León,Morelia,37.82,39.84,0.4137,0.3174,0.2689,1.53,1.31,,,2.42,3.72,3.15,,,,,,
06/10/2018,1951,Major League Soccer,FC Dallas,Orlando City SC,35.78,24.49,0.6407,0.1651,0.1942,2.27,1.07,,,1.56,5.15,6.06,,,,,,
06/10/2018,1951,Major League Soccer,Sporting Kansas City,Los Angeles Galaxy,38.58,35.76,0.5417,0.2387,0.2196,2.01,1.27,,,1.85,4.55,4.19,,,,,,
06/10/2018,1951,Major League Soccer,Colorado Rapids,Los Angeles FC,21.9,34.16,0.3642,0.3891,0.2466,1.48,1.54,,,2.75,4.06,2.57,,,,,,
06/10/2018,1951,Major League Soccer,Real Salt Lake,Portland Timbers,27.95,36.94,0.3902,0.3656,0.2442,1.56,1.51,,,2.56,4.10,2.74,,,,,,
06/10/2018,1952,Mexican Primera Division Torneo Apertura,Tijuana,Querétaro,42.83,35.67,0.4948,0.2074,0.2978,1.39,0.79,,,2.02,3.36,4.82,,,,,,
06/10/2018,1952,Mexican Primera Division Torneo Apertura,Guadalajara,Pumas Unam,39.21,40.71,0.4263,0.3,0.2737,1.51,1.23,,,2.35,3.65,3.33,,,,,,
06/10/2018,1951,Major League Soccer,San Jose Earthquakes,New York Red Bulls,23.55,43.56,0.2793,0.4836,0.2371,1.3,1.77,,,3.58,4.22,2.07,,,,,,
07/10/2018,1874,Swedish Allsvenskan,GIF Sundsvall,Kalmar FF,33.15,29.47,0.4824,0.2426,0.2751,1.41,0.91,,,2.07,3.64,4.12,,,,,,
07/10/2018,1874,Swedish Allsvenskan,BK Hacken,Malmo FF,44.06,50.48,0.398,0.3337,0.2683,1.36,1.22,,,2.51,3.73,3.00,,,,,,
07/10/2018,1874,Swedish Allsvenskan,IFK Norrkoping,Djurgardens IF,46.67,48.92,0.4156,0.322,0.2623,1.43,1.23,,,2.41,3.81,3.11,,,,,,
07/10/2018,1874,Swedish Allsvenskan,Brommapojkarna,Hammarby,12.31,43.81,0.1345,0.6858,0.1797,0.95,2.37,,,7.43,5.56,1.46,,,,,,
07/10/2018,1874,Swedish Allsvenskan,AIK,Orebro SK,57.62,30.49,0.7838,0.0586,0.1576,2.24,0.44,,,1.28,6.35,17.06,,,,,,
07/10/2018,1859,Norwegian Tippeligaen,Stromsgodset,Haugesund,32.5,33.22,0.4623,0.2936,0.2441,1.69,1.3,,,2.16,4.10,3.41,,,,,,
07/10/2018,1859,Norwegian Tippeligaen,IK Start,Sarpsborg,13.77,39.67,0.192,0.5915,0.2165,1.06,2.02,,,5.21,4.62,1.69,,,,,,
07/10/2018,1859,Norwegian Tippeligaen,Kristiansund BK,Tromso,32.95,38.58,0.4118,0.3479,0.2403,1.66,1.51,,,2.43,4.16,2.87,,,,,,
07/10/2018,1859,Norwegian Tippeligaen,Odd BK,Ranheim,30.18,28.45,0.5088,0.2512,0.24,1.77,1.17,,,1.97,4.17,3.98,,,,,,
07/10/2018,1859,Norwegian Tippeligaen,Bodo/Glimt,Molde,26.33,47.85,0.2655,0.4858,0.2486,1.17,1.66,,,3.77,4.02,2.06,,,,,,
07/10/2018,1859,Norwegian Tippeligaen,Rosenborg,Sandefjord,53.97,14.21,0.8915,0.0158,0.0927,2.69,0.2,,,1.12,10.79,63.29,,,,,,
07/10/2018,1951,Major League Soccer,DC United,Chicago Fire,28.98,25.59,0.5406,0.2411,0.2184,2.03,1.3,,,1.85,4.58,4.15,,,,,,
07/10/2018,1952,Mexican Primera Division Torneo Apertura,Toluca,Pachuca,46.21,42.12,0.4747,0.2501,0.2751,1.55,1.05,,,2.11,3.64,4.00,,,,,,
07/10/2018,1859,Norwegian Tippeligaen,SK Brann,Lillestrom,41.57,24.8,0.6506,0.1241,0.2253,1.8,0.64,,,1.54,4.44,8.06,,,,,,
07/10/2018,1952,Mexican Primera Division Torneo Apertura,Puebla,Lobos de la BUAP,37.66,37.42,0.4364,0.2869,0.2767,1.5,1.17,,,2.29,3.61,3.49,,,,,,
08/10/2018,1951,Major League Soccer,Seattle Sounders FC,Houston Dynamo,32.79,32.68,0.5114,0.2299,0.2587,1.56,0.96,,,1.96,3.87,4.35,,,,,,
12/10/2018,1951,Major League Soccer,DC United,FC Dallas,28.98,35.78,0.4131,0.3456,0.2413,1.64,1.48,,,2.42,4.14,2.89,,,,,,
13/10/2018,1951,Major League Soccer,Minnesota United FC,Colorado Rapids,23.23,21.9,0.5007,0.2613,0.238,1.77,1.22,,,2.00,4.20,3.83,,,,,,
13/10/2018,2105,Brasileiro Série A,Bahía,Paraná,47.89,36.34,0.6051,0.1493,0.2456,1.61,0.66,,,1.65,4.07,6.70,,,,,,
13/10/2018,2105,Brasileiro Série A,Atletico Mineiro,América Mineiro,52.82,38.92,0.6348,0.1633,0.202,2.09,0.96,,,1.58,4.95,6.12,,,,,,
13/10/2018,2105,Brasileiro Série A,Flamengo,Fluminense,60.51,46.9,0.6297,0.1418,0.2285,1.75,0.69,,,1.59,4.38,7.05,,,,,,
13/10/2018,2105,Brasileiro Série A,Chapecoense AF,Vítoria,44.82,39.75,0.5456,0.2061,0.2483,1.62,0.89,,,1.83,4.03,4.85,,,,,,
13/10/2018,2105,Brasileiro Série A,Santos,Corinthians,49.14,51.38,0.4592,0.2619,0.2789,1.33,0.93,,,2.18,3.59,3.82,,,,,,
13/10/2018,2105,Brasileiro Série A,Internacional,São Paulo,56.82,57.25,0.4844,0.2366,0.2791,1.35,0.85,,,2.06,3.58,4.23,,,,,,
13/10/2018,2105,Brasileiro Série A,Atlético Paranaense,Sport Recife,46.91,41.92,0.5404,0.2098,0.2498,1.61,0.9,,,1.85,4.00,4.77,,,,,,
13/10/2018,2105,Brasileiro Série A,Ceará,Botafogo,37.46,45.32,0.4019,0.3075,0.2906,1.19,1,,,2.49,3.44,3.25,,,,,,
13/10/2018,2105,Brasileiro Série A,Palmeiras,Grêmio,59.09,57.52,0.487,0.2286,0.2844,1.32,0.81,,,2.05,3.52,4.37,,,,,,
13/10/2018,2105,Brasileiro Série A,Vasco da Gama,Cruzeiro,42.81,52.51,0.381,0.3371,0.2819,1.2,1.12,,,2.62,3.55,2.97,,,,,,
13/10/2018,1951,Major League Soccer,New England Revolution,Orlando City SC,28.63,24.49,0.5571,0.2281,0.2148,2.07,1.27,,,1.80,4.66,4.38,,,,,,
17/10/2018,1951,Major League Soccer,DC United,Toronto FC,28.98,38.99,0.3871,0.3826,0.2304,1.71,1.7,,,2.58,4.34,2.61,,,,,,
17/10/2018,1951,Major League Soccer,Orlando City SC,Seattle Sounders FC,24.49,32.79,0.3737,0.3712,0.2551,1.43,1.42,,,2.68,3.92,2.69,,,,,,
17/10/2018,1951,Major League Soccer,Vancouver Whitecaps,Sporting Kansas City,25.56,38.58,0.342,0.4202,0.2377,1.51,1.69,,,2.92,4.21,2.38,,,,,,
18/10/2018,1951,Major League Soccer,Real Salt Lake,New England Revolution,27.95,28.63,0.4861,0.2781,0.2358,1.79,1.3,,,2.06,4.24,3.60,,,,,,
18/10/2018,1951,Major League Soccer,Los Angeles FC,Houston Dynamo,34.16,32.68,0.505,0.2683,0.2267,1.91,1.35,,,1.98,4.41,3.73,,,,,,
19/10/2018,1952,Mexican Primera Division Torneo Apertura,Atlas,Veracruz,36.61,30.14,0.4949,0.2155,0.2896,1.44,0.85,,,2.02,3.45,4.64,,,,,,
20/10/2018,1874,Swedish Allsvenskan,Dalkurd FF,Orebro SK,20.96,30.49,0.3373,0.4248,0.238,1.48,1.68,,,2.96,4.20,2.35,,,,,,
20/10/2018,1859,Norwegian Tippeligaen,Sandefjord,Stromsgodset,14.21,32.5,0.2462,0.5168,0.237,1.17,1.8,,,4.06,4.22,1.93,,,,,,
20/10/2018,2105,Brasileiro Série A,Fluminense,Atletico Mineiro,46.9,52.82,0.4355,0.3231,0.2415,1.62,1.37,,,2.30,4.14,3.10,,,,,,
20/10/2018,2105,Brasileiro Série A,Vítoria,Corinthians,39.75,51.38,0.3621,0.374,0.2639,1.29,1.31,,,2.76,3.79,2.67,,,,,,
20/10/2018,2105,Brasileiro Série A,Paraná,Flamengo,36.34,60.51,0.2512,0.4722,0.2767,0.91,1.36,,,3.98,3.61,2.12,,,,,,
20/10/2018,2105,Brasileiro Série A,Internacional,Santos,56.82,49.14,0.5684,0.1722,0.2594,1.52,0.7,,,1.76,3.86,5.81,,,,,,
20/10/2018,2105,Brasileiro Série A,América Mineiro,Grêmio,38.92,57.52,0.2919,0.4153,0.2928,0.95,1.19,,,3.43,3.42,2.41,,,,,,
20/10/2018,2105,Brasileiro Série A,Botafogo,Bahía,45.32,47.89,0.4613,0.2739,0.2649,1.44,1.04,,,2.17,3.78,3.65,,,,,,
20/10/2018,2105,Brasileiro Série A,Palmeiras,Ceará,59.09,37.46,0.7038,0.0928,0.2034,1.88,0.51,,,1.42,4.92,10.78,,,,,,
20/10/2018,2105,Brasileiro Série A,Cruzeiro,Chapecoense AF,52.51,44.82,0.5618,0.165,0.2732,1.41,0.63,,,1.78,3.66,6.06,,,,,,
20/10/2018,2105,Brasileiro Série A,São Paulo,Atlético Paranaense,57.25,46.91,0.5968,0.1666,0.2366,1.71,0.77,,,1.68,4.23,6.00,,,,,,
20/10/2018,2105,Brasileiro Série A,Sport Recife,Vasco da Gama,41.92,42.81,0.4783,0.2625,0.2592,1.5,1.04,,,2.09,3.86,3.81,,,,,,
20/10/2018,1952,Mexican Primera Division Torneo Apertura,Querétaro,Cruz Azul,35.67,49.95,0.2878,0.403,0.3093,0.99,1.23,,,3.47,3.23,2.48,,,,,,
20/10/2018,1952,Mexican Primera Division Torneo Apertura,Club América,Tijuana,48.76,42.83,0.4843,0.2319,0.2838,1.48,0.94,,,2.06,3.52,4.31,,,,,,
20/10/2018,1952,Mexican Primera Division Torneo Apertura,Pachuca,Santos Laguna,42.12,46.3,0.396,0.332,0.272,1.48,1.33,,,2.53,3.68,3.01,,,,,,
20/10/2018,1952,Mexican Primera Division Torneo Apertura,Necaxa,León,41.33,37.82,0.4739,0.2578,0.2683,1.61,1.12,,,2.11,3.73,3.88,,,,,,
21/10/2018,1874,Swedish Allsvenskan,BK Hacken,Östersunds FK,44.06,49.52,0.4076,0.3246,0.2678,1.38,1.2,,,2.45,3.73,3.08,,,,,,
21/10/2018,1874,Swedish Allsvenskan,Djurgardens IF,AIK,48.92,57.62,0.3635,0.3469,0.2895,1.15,1.12,,,2.75,3.45,2.88,,,,,,
21/10/2018,1874,Swedish Allsvenskan,Trelleborgs FF,IK Sirius,20.03,22.37,0.4365,0.3329,0.2306,1.79,1.54,,,2.29,4.34,3.00,,,,,,
21/10/2018,1874,Swedish Allsvenskan,Kalmar FF,IFK Norrkoping,29.47,46.67,0.2998,0.4338,0.2664,1.14,1.43,,,3.34,3.75,2.31,,,,,,
21/10/2018,1874,Swedish Allsvenskan,IF Elfsborg,GIF Sundsvall,32.64,33.15,0.4522,0.2884,0.2595,1.51,1.15,,,2.21,3.85,3.47,,,,,,
21/10/2018,1859,Norwegian Tippeligaen,Ranheim,Bodo/Glimt,28.45,26.33,0.4726,0.2802,0.2473,1.67,1.23,,,2.12,4.04,3.57,,,,,,
21/10/2018,1859,Norwegian Tippeligaen,Tromso,IK Start,38.58,13.77,0.7939,0.0623,0.1438,2.49,0.55,,,1.26,6.95,16.05,,,,,,
21/10/2018,1859,Norwegian Tippeligaen,Lillestrom,Rosenborg,24.8,53.97,0.1778,0.5691,0.2531,0.78,1.62,,,5.62,3.95,1.76,,,,,,
21/10/2018,1859,Norwegian Tippeligaen,Valerenga,Kristiansund BK,27.21,32.95,0.4027,0.3536,0.2437,1.61,1.5,,,2.48,4.10,2.83,,,,,,
21/10/2018,1859,Norwegian Tippeligaen,Haugesund,Odd BK,33.22,30.18,0.4869,0.2593,0.2538,1.61,1.11,,,2.05,3.94,3.86,,,,,,
21/10/2018,1952,Mexican Primera Division Torneo Apertura,Lobos de la BUAP,Guadalajara,37.42,39.21,0.4074,0.3046,0.2881,1.37,1.15,,,2.45,3.47,3.28,,,,,,
21/10/2018,1859,Norwegian Tippeligaen,Stabaek,SK Brann,22.43,41.57,0.2505,0.4965,0.253,1.08,1.62,,,3.99,3.95,2.01,,,,,,
21/10/2018,1951,Major League Soccer,DC United,New York City FC,28.98,43.44,0.3358,0.4277,0.2365,1.5,1.72,,,2.98,4.23,2.34,,,,,,
21/10/2018,1951,Major League Soccer,Philadelphia Union,New York Red Bulls,32.18,43.56,0.3726,0.3806,0.2468,1.5,1.52,,,2.68,4.05,2.63,,,,,,
21/10/2018,1951,Major League Soccer,Orlando City SC,Columbus Crew,24.49,34.56,0.3613,0.3946,0.2441,1.5,1.57,,,2.77,4.10,2.53,,,,,,
21/10/2018,1951,Major League Soccer,Montreal Impact,Toronto FC,27.04,38.99,0.3758,0.379,0.2452,1.52,1.53,,,2.66,4.08,2.64,,,,,,
21/10/2018,1951,Major League Soccer,Atlanta United FC,Chicago Fire,45.86,25.59,0.761,0.0869,0.152,2.55,0.75,,,1.31,6.58,11.51,,,,,,
21/10/2018,1952,Mexican Primera Division Torneo Apertura,Pumas Unam,Tigres UANL,40.71,50.41,0.3225,0.3955,0.282,1.23,1.4,,,3.10,3.55,2.53,,,,,,
21/10/2018,1951,Major League Soccer,Los Angeles FC,Vancouver Whitecaps,34.16,25.56,0.5992,0.2003,0.2005,2.26,1.24,,,1.67,4.99,4.99,,,,,,
21/10/2018,1951,Major League Soccer,Minnesota United FC,Los Angeles Galaxy,23.23,35.76,0.349,0.432,0.219,1.75,1.96,,,2.87,4.57,2.31,,,,,,
21/10/2018,1951,Major League Soccer,Houston Dynamo,Seattle Sounders FC,32.68,32.79,0.4745,0.2605,0.265,1.49,1.03,,,2.11,3.77,3.84,,,,,,
21/10/2018,1951,Major League Soccer,Portland Timbers,Real Salt Lake,36.94,27.95,0.6031,0.1838,0.2131,2.04,1.03,,,1.66,4.69,5.44,,,,,,
21/10/2018,1951,Major League Soccer,San Jose Earthquakes,Colorado Rapids,23.55,21.9,0.5096,0.2407,0.2497,1.65,1.05,,,1.96,4.00,4.15,,,,,,
21/10/2018,1951,Major League Soccer,FC Dallas,Sporting Kansas City,35.78,38.58,0.4643,0.2897,0.246,1.66,1.26,,,2.15,4.07,3.45,,,,,,
21/10/2018,1952,Mexican Primera Division Torneo Apertura,Morelia,Puebla,39.84,37.66,0.4547,0.2729,0.2724,1.55,1.15,,,2.20,3.67,3.66,,,,,,
21/10/2018,1952,Mexican Primera Division Torneo Apertura,Monterrey,Toluca,54.99,46.21,0.5212,0.2103,0.2686,1.62,0.93,,,1.92,3.72,4.76,,,,,,
22/10/2018,1859,Norwegian Tippeligaen,Molde,Sarpsborg,47.85,39.67,0.5618,0.2203,0.2178,2.04,1.21,,,1.78,4.59,4.54,,,,,,
22/10/2018,1874,Swedish Allsvenskan,Malmo FF,Hammarby,50.48,43.81,0.5445,0.2278,0.2277,1.88,1.14,,,1.84,4.39,4.39,,,,,,
22/10/2018,1874,Swedish Allsvenskan,Brommapojkarna,IFK Goteborg,12.31,31.82,0.2163,0.5551,0.2286,1.08,1.87,,,4.62,4.37,1.80,,,,,,
25/10/2018,2105,Brasileiro Série A,Flamengo,Palmeiras,60.51,59.09,0.5054,0.2367,0.2578,1.53,0.96,,,1.98,3.88,4.22,,,,,,
25/10/2018,2105,Brasileiro Série A,Atlético Paranaense,Botafogo,46.91,45.32,0.5026,0.2364,0.2611,1.5,0.94,,,1.99,3.83,4.23,,,,,,
25/10/2018,2105,Brasileiro Série A,Vítoria,São Paulo,39.75,57.25,0.3063,0.4435,0.2502,1.24,1.55,,,3.26,4.00,2.25,,,,,,
25/10/2018,2105,Brasileiro Série A,Ceará,Atletico Mineiro,37.46,52.82,0.3363,0.411,0.2527,1.31,1.47,,,2.97,3.96,2.43,,,,,,
25/10/2018,2105,Brasileiro Série A,Corinthians,Bahía,51.38,47.89,0.5263,0.2132,0.2605,1.51,0.86,,,1.90,3.84,4.69,,,,,,
25/10/2018,2105,Brasileiro Série A,Cruzeiro,Paraná,52.51,36.34,0.6489,0.1057,0.2454,1.57,0.46,,,1.54,4.07,9.46,,,,,,
25/10/2018,2105,Brasileiro Série A,Santos,Fluminense,49.14,46.9,0.5101,0.2283,0.2616,1.5,0.91,,,1.96,3.82,4.38,,,,,,
25/10/2018,2105,Brasileiro Série A,Vasco da Gama,Internacional,42.81,56.82,0.3381,0.3819,0.28,1.13,1.22,,,2.96,3.57,2.62,,,,,,
25/10/2018,2105,Brasileiro Série A,Grêmio,Sport Recife,57.52,41.92,0.651,0.1115,0.2374,1.63,0.51,,,1.54,4.21,8.97,,,,,,
25/10/2018,2105,Brasileiro Série A,Chapecoense AF,América Mineiro,44.82,38.92,0.5493,0.1878,0.2629,1.49,0.75,,,1.82,3.80,5.32,,,,,,
26/10/2018,1874,Swedish Allsvenskan,Trelleborgs FF,IF Elfsborg,20.03,32.64,0.3052,0.4447,0.2501,1.27,1.58,,,3.28,4.00,2.25,,,,,,
26/10/2018,1952,Mexican Primera Division Torneo Apertura,Santos Laguna,Monterrey,46.3,54.99,0.3412,0.3837,0.275,1.33,1.43,,,2.93,3.64,2.61,,,,,,
26/10/2018,1952,Mexican Primera Division Torneo Apertura,Veracruz,Pachuca,30.14,42.12,0.3086,0.3969,0.2946,1.12,1.31,,,3.24,3.39,2.52,,,,,,
27/10/2018,1874,Swedish Allsvenskan,Dalkurd FF,BK Hacken,20.96,44.06,0.207,0.5763,0.2168,1.12,2.01,,,4.83,4.61,1.74,,,,,,
27/10/2018,1874,Swedish Allsvenskan,IFK Goteborg,GIF Sundsvall,31.82,33.15,0.44,0.3076,0.2523,1.56,1.26,,,2.27,3.96,3.25,,,,,,
27/10/2018,1859,Norwegian Tippeligaen,Stromsgodset,Valerenga,32.5,27.21,0.5339,0.2347,0.2314,1.87,1.17,,,1.87,4.32,4.26,,,,,,
27/10/2018,1952,Mexican Primera Division Torneo Apertura,Necaxa,Atlas,41.33,36.61,0.4777,0.2415,0.2807,1.5,0.99,,,2.09,3.56,4.14,,,,,,
27/10/2018,1952,Mexican Primera Division Torneo Apertura,Guadalajara,Morelia,39.21,39.84,0.4287,0.2873,0.284,1.43,1.12,,,2.33,3.52,3.48,,,,,,
27/10/2018,1952,Mexican Primera Division Torneo Apertura,Tigres UANL,Lobos de la BUAP,50.41,37.42,0.571,0.1674,0.2616,1.66,0.77,,,1.75,3.82,5.97,,,,,,
27/10/2018,1952,Mexican Primera Division Torneo Apertura,Cruz Azul,Club América,49.95,48.76,0.4444,0.2653,0.2903,1.4,1.02,,,2.25,3.44,3.77,,,,,,
27/10/2018,1952,Mexican Primera Division Torneo Apertura,Tijuana,Pumas Unam,42.83,40.71,0.4654,0.2643,0.2703,1.58,1.13,,,2.15,3.70,3.78,,,,,,
28/10/2018,1874,Swedish Allsvenskan,Orebro SK,Djurgardens IF,30.49,48.92,0.2639,0.4765,0.2596,1.07,1.53,,,3.79,3.85,2.10,,,,,,
28/10/2018,1874,Swedish Allsvenskan,Hammarby,Kalmar FF,43.81,29.47,0.5901,0.1767,0.2332,1.78,0.86,,,1.69,4.29,5.66,,,,,,
28/10/2018,1874,Swedish Allsvenskan,IFK Norrkoping,Östersunds FK,46.67,49.52,0.4231,0.3275,0.2493,1.56,1.35,,,2.36,4.01,3.05,,,,,,
28/10/2018,1874,Swedish Allsvenskan,IK Sirius,Brommapojkarna,22.37,12.31,0.6175,0.1778,0.2047,2.13,1.05,,,1.62,4.89,5.62,,,,,,
28/10/2018,1859,Norwegian Tippeligaen,Bodo/Glimt,Stabaek,26.33,22.43,0.5249,0.2244,0.2507,1.65,0.99,,,1.91,3.99,4.46,,,,,,
28/10/2018,1859,Norwegian Tippeligaen,Sarpsborg,Haugesund,39.67,33.22,0.5355,0.2395,0.225,1.95,1.24,,,1.87,4.44,4.18,,,,,,
28/10/2018,1859,Norwegian Tippeligaen,Kristiansund BK,Sandefjord,32.95,14.21,0.7466,0.0883,0.1651,2.37,0.68,,,1.34,6.06,11.33,,,,,,
28/10/2018,1859,Norwegian Tippeligaen,Odd BK,Tromso,30.18,38.58,0.3934,0.3495,0.2571,1.46,1.36,,,2.54,3.89,2.86,,,,,,
28/10/2018,1859,Norwegian Tippeligaen,Ranheim,Lillestrom,28.45,24.8,0.4954,0.2636,0.241,1.75,1.22,,,2.02,4.15,3.79,,,,,,
28/10/2018,1859,Norwegian Tippeligaen,SK Brann,Rosenborg,41.57,53.97,0.3243,0.3703,0.3054,1.01,1.1,,,3.08,3.27,2.70,,,,,,
28/10/2018,1951,Major League Soccer,Los Angeles Galaxy,Houston Dynamo,35.76,32.68,0.5213,0.2569,0.2218,1.98,1.34,,,1.92,4.51,3.89,,,,,,
28/10/2018,1951,Major League Soccer,Vancouver Whitecaps,Portland Timbers,25.56,36.94,0.3591,0.4025,0.2384,1.55,1.65,,,2.78,4.19,2.48,,,,,,
28/10/2018,1951,Major League Soccer,Seattle Sounders FC,San Jose Earthquakes,32.79,23.55,0.6174,0.152,0.2306,1.79,0.75,,,1.62,4.34,6.58,,,,,,
28/10/2018,1951,Major League Soccer,Toronto FC,Atlanta United FC,38.99,45.86,0.414,0.3496,0.2364,1.7,1.54,,,2.42,4.23,2.86,,,,,,
28/10/2018,1951,Major League Soccer,Chicago Fire,DC United,25.59,28.98,0.4539,0.3158,0.2303,1.83,1.5,,,2.20,4.34,3.17,,,,,,
28/10/2018,1951,Major League Soccer,New York Red Bulls,Orlando City SC,43.56,24.49,0.7567,0.092,0.1513,2.61,0.81,,,1.32,6.61,10.87,,,,,,
28/10/2018,1951,Major League Soccer,Sporting Kansas City,Los Angeles FC,38.58,34.16,0.5571,0.2243,0.2186,2.02,1.21,,,1.80,4.57,4.46,,,,,,
28/10/2018,1951,Major League Soccer,New York City FC,Philadelphia Union,43.44,32.18,0.6182,0.1723,0.2095,2.06,0.99,,,1.62,4.77,5.80,,,,,,
28/10/2018,1951,Major League Soccer,Colorado Rapids,FC Dallas,21.9,35.78,0.3407,0.3998,0.2596,1.31,1.44,,,2.94,3.85,2.50,,,,,,
28/10/2018,1951,Major League Soccer,Columbus Crew,Minnesota United FC,34.56,23.23,0.6472,0.1518,0.201,2.13,0.92,,,1.55,4.98,6.59,,,,,,
28/10/2018,1951,Major League Soccer,New England Revolution,Montreal Impact,28.63,27.04,0.5077,0.2473,0.245,1.69,1.11,,,1.97,4.08,4.04,,,,,,
28/10/2018,1952,Mexican Primera Division Torneo Apertura,Toluca,Querétaro,46.21,35.67,0.5302,0.1904,0.2794,1.53,0.8,,,1.89,3.58,5.25,,,,,,
28/10/2018,1952,Mexican Primera Division Torneo Apertura,León,Puebla,37.82,37.66,0.4333,0.2935,0.2731,1.52,1.21,,,2.31,3.66,3.41,,,,,,
29/10/2018,1874,Swedish Allsvenskan,AIK,Malmo FF,57.62,50.48,0.5426,0.2045,0.2529,1.61,0.88,,,1.84,3.95,4.89,,,,,,
29/10/2018,1859,Norwegian Tippeligaen,IK Start,Molde,13.77,47.85,0.1383,0.67,0.1917,0.91,2.23,,,7.23,5.22,1.49,,,,,,
30/10/2018,1874,Swedish Allsvenskan,IF Elfsborg,Dalkurd FF,32.64,20.96,0.6183,0.1753,0.2064,2.1,1.02,,,1.62,4.84,5.70,,,,,,
31/10/2018,1874,Swedish Allsvenskan,Djurgardens IF,IFK Goteborg,48.92,31.82,0.6521,0.136,0.2119,1.94,0.75,,,1.53,4.72,7.35,,,,,,
31/10/2018,1874,Swedish Allsvenskan,BK Hacken,IK Sirius,44.06,22.37,0.7619,0.0846,0.1535,2.49,0.71,,,1.31,6.51,11.82,,,,,,
31/10/2018,1874,Swedish Allsvenskan,Kalmar FF,Trelleborgs FF,29.47,20.03,0.5873,0.171,0.2417,1.69,0.79,,,1.70,4.14,5.85,,,,,,
31/10/2018,1874,Swedish Allsvenskan,Brommapojkarna,IFK Norrkoping,12.31,46.67,0.118,0.7093,0.1728,0.87,2.4,,,8.47,5.79,1.41,,,,,,
31/10/2018,1874,Swedish Allsvenskan,GIF Sundsvall,Hammarby,33.15,43.81,0.3588,0.3953,0.2459,1.46,1.55,,,2.79,4.07,2.53,,,,,,
01/11/2018,1874,Swedish Allsvenskan,Östersunds FK,AIK,49.52,57.62,0.3605,0.3654,0.2741,1.24,1.25,,,2.77,3.65,2.74,,,,,,
01/11/2018,1874,Swedish Allsvenskan,Malmo FF,Orebro SK,50.48,30.49,0.6714,0.129,0.1997,2.06,0.77,,,1.49,5.01,7.75,,,,,,
02/11/2018,1952,Mexican Primera Division Torneo Apertura,Morelia,Tigres UANL,39.84,50.41,0.3159,0.3909,0.2933,1.15,1.31,,,3.17,3.41,2.56,,,,,,
02/11/2018,1952,Mexican Primera Division Torneo Apertura,Puebla,Guadalajara,37.66,39.21,0.4097,0.298,0.2923,1.34,1.1,,,2.44,3.42,3.36,,,,,,
02/11/2018,1952,Mexican Primera Division Torneo Apertura,Monterrey,Veracruz,54.99,30.14,0.6814,0.0991,0.2196,1.92,0.57,,,1.47,4.55,10.09,,,,,,
03/11/2018,1859,Norwegian Tippeligaen,Stabaek,Kristiansund BK,22.43,32.95,0.3472,0.4069,0.246,1.46,1.59,,,2.88,4.07,2.46,,,,,,
03/11/2018,2105,Brasileiro Série A,América Mineiro,Cruzeiro,38.92,52.51,0.3428,0.3716,0.2856,1.11,1.17,,,2.92,3.50,2.69,,,,,,
03/11/2018,2105,Brasileiro Série A,Botafogo,Corinthians,45.32,51.38,0.42,0.2964,0.2837,1.26,1.01,,,2.38,3.52,3.37,,,,,,
03/11/2018,2105,Brasileiro Série A,Internacional,Atlético Paranaense,56.82,46.91,0.5933,0.1583,0.2483,1.6,0.69,,,1.69,4.03,6.32,,,,,,
03/11/2018,2105,Brasileiro Série A,Palmeiras,Santos,59.09,49.14,0.5904,0.173,0.2366,1.71,0.8,,,1.69,4.23,5.78,,,,,,
03/11/2018,2105,Brasileiro Série A,São Paulo,Flamengo,57.25,60.51,0.4509,0.2773,0.2718,1.37,1.02,,,2.22,3.68,3.61,,,,,,
03/11/2018,2105,Brasileiro Série A,Atletico Mineiro,Grêmio,52.82,57.52,0.4182,0.3176,0.2642,1.39,1.18,,,2.39,3.79,3.15,,,,,,
03/11/2018,2105,Brasileiro Série A,Sport Recife,Ceará,41.92,37.46,0.5314,0.2009,0.2677,1.45,0.78,,,1.88,3.74,4.98,,,,,,
03/11/2018,2105,Brasileiro Série A,Bahía,Chapecoense AF,47.89,44.82,0.514,0.2192,0.2668,1.46,0.85,,,1.95,3.75,4.56,,,,,,
03/11/2018,2105,Brasileiro Série A,Paraná,Vítoria,36.34,39.75,0.4506,0.2802,0.2692,1.39,1.04,,,2.22,3.71,3.57,,,,,,
03/11/2018,2105,Brasileiro Série A,Fluminense,Vasco da Gama,46.9,42.81,0.5319,0.2168,0.2513,1.59,0.92,,,1.88,3.98,4.61,,,,,,
03/11/2018,1952,Mexican Primera Division Torneo Apertura,Pachuca,Necaxa,42.12,41.33,0.4389,0.2811,0.28,1.47,1.13,,,2.28,3.57,3.56,,,,,,
03/11/2018,1952,Mexican Primera Division Torneo Apertura,Club América,Toluca,48.76,46.21,0.4565,0.2634,0.2801,1.49,1.07,,,2.19,3.57,3.80,,,,,,
03/11/2018,1952,Mexican Primera Division Torneo Apertura,Lobos de la BUAP,Tijuana,37.42,42.83,0.3694,0.3394,0.2912,1.28,1.22,,,2.71,3.43,2.95,,,,,,
04/11/2018,1874,Swedish Allsvenskan,Trelleborgs FF,Östersunds FK,20.03,49.52,0.1674,0.6288,0.2038,0.99,2.12,,,5.97,4.91,1.59,,,,,,
04/11/2018,1874,Swedish Allsvenskan,IFK Goteborg,Malmo FF,31.82,50.48,0.269,0.4904,0.2406,1.22,1.72,,,3.72,4.16,2.04,,,,,,
04/11/2018,1874,Swedish Allsvenskan,Hammarby,BK Hacken,43.81,44.06,0.4393,0.3097,0.251,1.57,1.28,,,2.28,3.98,3.23,,,,,,
04/11/2018,1874,Swedish Allsvenskan,Dalkurd FF,Djurgardens IF,20.96,48.92,0.1696,0.6263,0.2041,1.01,2.12,,,5.90,4.90,1.60,,,,,,
04/11/2018,1874,Swedish Allsvenskan,AIK,GIF Sundsvall,57.62,33.15,0.758,0.0695,0.1725,2.13,0.48,,,1.32,5.80,14.39,,,,,,
04/11/2018,1874,Swedish Allsvenskan,IK Sirius,Kalmar FF,22.37,29.47,0.353,0.3909,0.2561,1.36,1.44,,,2.83,3.90,2.56,,,,,,
04/11/2018,1874,Swedish Allsvenskan,IF Elfsborg,Brommapojkarna,32.64,12.31,0.7709,0.0688,0.1603,2.28,0.52,,,1.30,6.24,14.53,,,,,,
04/11/2018,1874,Swedish Allsvenskan,IFK Norrkoping,Orebro SK,46.67,30.49,0.6309,0.1614,0.2077,2.05,0.93,,,1.59,4.81,6.20,,,,,,
04/11/2018,1859,Norwegian Tippeligaen,Haugesund,Ranheim,33.22,28.45,0.535,0.2432,0.2219,2,1.29,,,1.87,4.51,4.11,,,,,,
04/11/2018,1859,Norwegian Tippeligaen,Valerenga,Sarpsborg,27.21,39.67,0.3377,0.4262,0.2361,1.53,1.74,,,2.96,4.24,2.35,,,,,,
04/11/2018,1859,Norwegian Tippeligaen,Sandefjord,IK Start,14.21,13.77,0.4675,0.2685,0.264,1.5,1.07,,,2.14,3.79,3.72,,,,,,
04/11/2018,1859,Norwegian Tippeligaen,Lillestrom,Bodo/Glimt,24.8,26.33,0.4407,0.2818,0.2774,1.37,1.04,,,2.27,3.60,3.55,,,,,,
04/11/2018,1859,Norwegian Tippeligaen,Tromso,Molde,38.58,47.85,0.3716,0.3891,0.2394,1.59,1.63,,,2.69,4.18,2.57,,,,,,
04/11/2018,1952,Mexican Primera Division Torneo Apertura,Pumas Unam,Cruz Azul,40.71,49.95,0.3312,0.3932,0.2756,1.3,1.44,,,3.02,3.63,2.54,,,,,,
04/11/2018,1859,Norwegian Tippeligaen,SK Brann,Stromsgodset,41.57,32.5,0.5787,0.1818,0.2395,1.75,0.86,,,1.73,4.18,5.50,,,,,,
04/11/2018,1952,Mexican Primera Division Torneo Apertura,Querétaro,Santos Laguna,35.67,46.3,0.3322,0.3783,0.2895,1.21,1.31,,,3.01,3.45,2.64,,,,,,
04/11/2018,1952,Mexican Primera Division Torneo Apertura,Atlas,León,36.61,37.82,0.4231,0.2973,0.2796,1.46,1.18,,,2.36,3.58,3.36,,,,,,
05/11/2018,1859,Norwegian Tippeligaen,Rosenborg,Odd BK,53.97,30.18,0.7136,0.0794,0.207,1.85,0.44,,,1.40,4.83,12.59,,,,,,
09/11/2018,1952,Mexican Primera Division Torneo Apertura,Veracruz,Querétaro,30.14,35.67,0.3608,0.3197,0.3195,1.11,1.02,,,2.77,3.13,3.13,,,,,,
09/11/2018,1952,Mexican Primera Division Torneo Apertura,Atlas,Pachuca,36.61,42.12,0.3754,0.3351,0.2894,1.31,1.22,,,2.66,3.46,2.98,,,,,,
10/11/2018,2105,Brasileiro Série A,Atletico Mineiro,Palmeiras,52.82,59.09,0.4142,0.3479,0.2379,1.63,1.47,,,2.41,4.20,2.87,,,,,,
10/11/2018,2105,Brasileiro Série A,América Mineiro,Paraná,38.92,36.34,0.5109,0.2125,0.2766,1.38,0.78,,,1.96,3.62,4.71,,,,,,
10/11/2018,2105,Brasileiro Série A,Fluminense,Sport Recife,46.9,41.92,0.5403,0.2073,0.2524,1.58,0.87,,,1.85,3.96,4.82,,,,,,
10/11/2018,2105,Brasileiro Série A,Atlético Paranaense,Cruzeiro,46.91,52.51,0.4224,0.2943,0.2833,1.26,1,,,2.37,3.53,3.40,,,,,,
10/11/2018,2105,Brasileiro Série A,Corinthians,São Paulo,51.38,57.25,0.4264,0.2916,0.282,1.27,1,,,2.35,3.55,3.43,,,,,,
10/11/2018,2105,Brasileiro Série A,Ceará,Internacional,37.46,56.82,0.2897,0.4132,0.2971,0.93,1.17,,,3.45,3.37,2.42,,,,,,
10/11/2018,2105,Brasileiro Série A,Vítoria,Bahía,39.75,47.89,0.401,0.3481,0.2509,1.47,1.36,,,2.49,3.99,2.87,,,,,,
10/11/2018,2105,Brasileiro Série A,Grêmio,Vasco da Gama,57.52,42.81,0.6439,0.1186,0.2375,1.64,0.54,,,1.55,4.21,8.43,,,,,,
10/11/2018,2105,Brasileiro Série A,Botafogo,Flamengo,45.32,60.51,0.3314,0.3945,0.2741,1.15,1.28,,,3.02,3.65,2.53,,,,,,
10/11/2018,2105,Brasileiro Série A,Santos,Chapecoense AF,49.14,44.82,0.5269,0.2029,0.2702,1.43,0.78,,,1.90,3.70,4.93,,,,,,
10/11/2018,1952,Mexican Primera Division Torneo Apertura,Cruz Azul,Lobos de la BUAP,49.95,37.42,0.5661,0.1765,0.2574,1.71,0.83,,,1.77,3.89,5.67,,,,,,
10/11/2018,1952,Mexican Primera Division Torneo Apertura,Tigres UANL,Puebla,50.41,37.66,0.565,0.1677,0.2673,1.62,0.75,,,1.77,3.74,5.96,,,,,,
10/11/2018,1952,Mexican Primera Division Torneo Apertura,León,Guadalajara,37.82,39.21,0.4116,0.3048,0.2835,1.41,1.18,,,2.43,3.53,3.28,,,,,,
10/11/2018,1952,Mexican Primera Division Torneo Apertura,Necaxa,Monterrey,41.33,54.99,0.2979,0.4191,0.283,1.16,1.43,,,3.36,3.53,2.39,,,,,,
10/11/2018,1952,Mexican Primera Division Torneo Apertura,Tijuana,Morelia,42.83,39.84,0.4672,0.2527,0.2801,1.5,1.03,,,2.14,3.57,3.96,,,,,,
11/11/2018,1874,Swedish Allsvenskan,Malmo FF,IF Elfsborg,50.48,32.64,0.6453,0.1433,0.2114,1.96,0.8,,,1.55,4.73,6.98,,,,,,
11/11/2018,1874,Swedish Allsvenskan,GIF Sundsvall,Dalkurd FF,33.15,20.96,0.624,0.1718,0.2042,2.12,1.02,,,1.60,4.90,5.82,,,,,,
11/11/2018,1874,Swedish Allsvenskan,Djurgardens IF,IK Sirius,48.92,22.37,0.8042,0.0613,0.1345,2.6,0.58,,,1.24,7.43,16.31,,,,,,
11/11/2018,1874,Swedish Allsvenskan,Kalmar FF,AIK,29.47,57.62,0.1964,0.5387,0.2649,0.79,1.5,,,5.09,3.78,1.86,,,,,,
11/11/2018,1874,Swedish Allsvenskan,Orebro SK,IFK Goteborg,30.49,31.82,0.4477,0.3025,0.2498,1.59,1.26,,,2.23,4.00,3.31,,,,,,
11/11/2018,1874,Swedish Allsvenskan,Östersunds FK,Hammarby,49.52,43.81,0.5342,0.236,0.2298,1.86,1.16,,,1.87,4.35,4.24,,,,,,
11/11/2018,1874,Swedish Allsvenskan,BK Hacken,IFK Norrkoping,44.06,46.67,0.4458,0.2986,0.2556,1.53,1.21,,,2.24,3.91,3.35,,,,,,
11/11/2018,1874,Swedish Allsvenskan,Brommapojkarna,Trelleborgs FF,12.31,20.03,0.3396,0.4049,0.2555,1.33,1.47,,,2.94,3.91,2.47,,,,,,
11/11/2018,1859,Norwegian Tippeligaen,Ranheim,Tromso,28.45,38.58,0.3546,0.4148,0.2306,1.64,1.78,,,2.82,4.34,2.41,,,,,,
11/11/2018,1859,Norwegian Tippeligaen,Bodo/Glimt,Valerenga,26.33,27.21,0.469,0.2741,0.2568,1.57,1.14,,,2.13,3.89,3.65,,,,,,
11/11/2018,1859,Norwegian Tippeligaen,Stromsgodset,Lillestrom,32.5,24.8,0.5472,0.2105,0.2424,1.74,0.98,,,1.83,4.13,4.75,,,,,,
11/11/2018,1859,Norwegian Tippeligaen,Sarpsborg,Sandefjord,39.67,14.21,0.8024,0.0629,0.1347,2.65,0.61,,,1.25,7.42,15.90,,,,,,
11/11/2018,1859,Norwegian Tippeligaen,Odd BK,Stabaek,30.18,22.43,0.5702,0.1919,0.2379,1.77,0.92,,,1.75,4.20,5.21,,,,,,
11/11/2018,1859,Norwegian Tippeligaen,IK Start,Rosenborg,13.77,53.97,0.0946,0.7141,0.1913,0.59,2.06,,,10.57,5.23,1.40,,,,,,
11/11/2018,1859,Norwegian Tippeligaen,Molde,Haugesund,47.85,33.22,0.6233,0.1706,0.2061,2.12,1.02,,,1.60,4.85,5.86,,,,,,
11/11/2018,1859,Norwegian Tippeligaen,Kristiansund BK,SK Brann,32.95,41.57,0.3557,0.3786,0.2657,1.31,1.36,,,2.81,3.76,2.64,,,,,,
11/11/2018,1952,Mexican Primera Division Torneo Apertura,Toluca,Pumas Unam,46.21,40.71,0.5009,0.2428,0.2563,1.74,1.14,,,2.00,3.90,4.12,,,,,,
11/11/2018,1952,Mexican Primera Division Torneo Apertura,Santos Laguna,Club América,46.3,48.76,0.4042,0.3223,0.2735,1.48,1.29,,,2.47,3.66,3.10,,,,,,
14/11/2018,2105,Brasileiro Série A,Bahía,Ceará,47.89,37.46,0.5939,0.1594,0.2467,1.61,0.7,,,1.68,4.05,6.27,,,,,,
14/11/2018,2105,Brasileiro Série A,Flamengo,Santos,60.51,49.14,0.6063,0.1565,0.2371,1.69,0.72,,,1.65,4.22,6.39,,,,,,
14/11/2018,2105,Brasileiro Série A,Internacional,América Mineiro,56.82,38.92,0.6733,0.107,0.2196,1.77,0.54,,,1.49,4.55,9.35,,,,,,
14/11/2018,2105,Brasileiro Série A,Chapecoense AF,Botafogo,44.82,45.32,0.4806,0.239,0.2805,1.34,0.86,,,2.08,3.57,4.18,,,,,,
14/11/2018,2105,Brasileiro Série A,São Paulo,Grêmio,57.25,57.52,0.4691,0.2367,0.2942,1.25,0.79,,,2.13,3.40,4.22,,,,,,
14/11/2018,2105,Brasileiro Série A,Cruzeiro,Corinthians,52.51,51.38,0.4953,0.2186,0.2861,1.31,0.77,,,2.02,3.50,4.57,,,,,,
14/11/2018,2105,Brasileiro Série A,Palmeiras,Fluminense,59.09,46.9,0.6141,0.1573,0.2286,1.77,0.77,,,1.63,4.37,6.36,,,,,,
14/11/2018,2105,Brasileiro Série A,Paraná,Atletico Mineiro,36.34,52.82,0.325,0.4208,0.2542,1.27,1.48,,,3.08,3.93,2.38,,,,,,
14/11/2018,2105,Brasileiro Série A,Vasco da Gama,Atlético Paranaense,42.81,46.91,0.4437,0.2937,0.2626,1.44,1.12,,,2.25,3.81,3.40,,,,,,
14/11/2018,2105,Brasileiro Série A,Sport Recife,Vítoria,41.92,39.75,0.5143,0.2433,0.2424,1.68,1.07,,,1.94,4.13,4.11,,,,,,
17/11/2018,2105,Brasileiro Série A,São Paulo,Cruzeiro,57.25,52.51,0.5294,0.2009,0.2697,1.44,0.77,,,1.89,3.71,4.98,,,,,,
17/11/2018,2105,Brasileiro Série A,Vítoria,Atlético Paranaense,39.75,46.91,0.4108,0.3361,0.2531,1.47,1.31,,,2.43,3.95,2.98,,,,,,
17/11/2018,2105,Brasileiro Série A,Paraná,Palmeiras,36.34,59.09,0.2648,0.4628,0.2724,0.97,1.38,,,3.78,3.67,2.16,,,,,,
17/11/2018,2105,Brasileiro Série A,Atletico Mineiro,Bahía,52.82,47.89,0.5375,0.2387,0.2238,1.9,1.19,,,1.86,4.47,4.19,,,,,,
17/11/2018,2105,Brasileiro Série A,Fluminense,Ceará,46.9,37.46,0.5831,0.1616,0.2553,1.54,0.67,,,1.71,3.92,6.19,,,,,,
17/11/2018,2105,Brasileiro Série A,Corinthians,Vasco da Gama,51.38,42.81,0.5794,0.1739,0.2467,1.62,0.76,,,1.73,4.05,5.75,,,,,,
17/11/2018,2105,Brasileiro Série A,Botafogo,Internacional,45.32,56.82,0.3633,0.3472,0.2895,1.13,1.1,,,2.75,3.45,2.88,,,,,,
17/11/2018,2105,Brasileiro Série A,Grêmio,Chapecoense AF,57.52,44.82,0.6138,0.1196,0.2666,1.44,0.47,,,1.63,3.75,8.36,,,,,,
17/11/2018,2105,Brasileiro Série A,América Mineiro,Santos,38.92,49.14,0.3792,0.3473,0.2736,1.25,1.19,,,2.64,3.65,2.88,,,,,,
17/11/2018,2105,Brasileiro Série A,Sport Recife,Flamengo,41.92,60.51,0.2986,0.4357,0.2657,1.11,1.4,,,3.35,3.76,2.30,,,,,,
21/11/2018,2105,Brasileiro Série A,Bahía,Fluminense,47.89,46.9,0.4966,0.2452,0.2582,1.52,0.98,,,2.01,3.87,4.08,,,,,,
21/11/2018,2105,Brasileiro Série A,Internacional,Atletico Mineiro,56.82,52.82,0.5477,0.2167,0.2356,1.75,1.01,,,1.83,4.24,4.61,,,,,,
21/11/2018,2105,Brasileiro Série A,Atlético Paranaense,Corinthians,46.91,51.38,0.4358,0.2865,0.2777,1.32,1.01,,,2.29,3.60,3.49,,,,,,
21/11/2018,2105,Brasileiro Série A,Flamengo,Grêmio,60.51,57.52,0.5031,0.2083,0.2886,1.3,0.73,,,1.99,3.47,4.80,,,,,,
21/11/2018,2105,Brasileiro Série A,Chapecoense AF,Sport Recife,44.82,41.92,0.5177,0.2129,0.2694,1.44,0.82,,,1.93,3.71,4.70,,,,,,
21/11/2018,2105,Brasileiro Série A,Palmeiras,América Mineiro,59.09,38.92,0.6959,0.1073,0.1968,1.99,0.63,,,1.44,5.08,9.32,,,,,,
21/11/2018,2105,Brasileiro Série A,Cruzeiro,Vítoria,52.51,39.75,0.6279,0.1478,0.2243,1.8,0.74,,,1.59,4.46,6.77,,,,,,
21/11/2018,2105,Brasileiro Série A,Vasco da Gama,São Paulo,42.81,57.25,0.3379,0.3956,0.2665,1.21,1.34,,,2.96,3.75,2.53,,,,,,
21/11/2018,2105,Brasileiro Série A,Santos,Botafogo,49.14,45.32,0.5262,0.2142,0.2596,1.52,0.86,,,1.90,3.85,4.67,,,,,,
21/11/2018,2105,Brasileiro Série A,Ceará,Paraná,37.46,36.34,0.4921,0.2106,0.2973,1.25,0.71,,,2.03,3.36,4.75,,,,,,
23/11/2018,1952,Mexican Primera Division Torneo Apertura,Pumas Unam,Santos Laguna,40.71,46.3,0.3793,0.3628,0.2579,1.57,1.53,,,2.64,3.88,2.76,,,,,,
23/11/2018,1952,Mexican Primera Division Torneo Apertura,Morelia,Cruz Azul,39.84,49.95,0.3245,0.389,0.2865,1.21,1.35,,,3.08,3.49,2.57,,,,,,
23/11/2018,1952,Mexican Primera Division Torneo Apertura,Puebla,Tijuana,37.66,42.83,0.3719,0.3324,0.2958,1.26,1.17,,,2.69,3.38,3.01,,,,,,
24/11/2018,2105,Brasileiro Série A,Corinthians,Chapecoense AF,51.38,44.82,0.5501,0.1776,0.2723,1.42,0.68,,,1.82,3.67,5.63,,,,,,
24/11/2018,2105,Brasileiro Série A,Santos,Atletico Mineiro,49.14,52.82,0.4601,0.2998,0.2401,1.67,1.3,,,2.17,4.16,3.34,,,,,,
24/11/2018,2105,Brasileiro Série A,Atlético Paranaense,Ceará,46.91,37.46,0.5835,0.164,0.2525,1.57,0.69,,,1.71,3.96,6.10,,,,,,
24/11/2018,2105,Brasileiro Série A,América Mineiro,Bahía,38.92,47.89,0.3932,0.3398,0.2671,1.33,1.21,,,2.54,3.74,2.94,,,,,,
24/11/2018,2105,Brasileiro Série A,Vasco da Gama,Palmeiras,42.81,59.09,0.3218,0.4196,0.2587,1.23,1.44,,,3.11,3.87,2.38,,,,,,
24/11/2018,2105,Brasileiro Série A,Internacional,Fluminense,56.82,46.9,0.5918,0.1567,0.2514,1.57,0.67,,,1.69,3.98,6.38,,,,,,
24/11/2018,2105,Brasileiro Série A,Vítoria,Grêmio,39.75,57.52,0.2976,0.4288,0.2735,1.06,1.34,,,3.36,3.66,2.33,,,,,,
24/11/2018,2105,Brasileiro Série A,Botafogo,Paraná,45.32,36.34,0.5779,0.161,0.2611,1.5,0.65,,,1.73,3.83,6.21,,,,,,
24/11/2018,2105,Brasileiro Série A,São Paulo,Sport Recife,57.25,41.92,0.6479,0.1326,0.2195,1.82,0.68,,,1.54,4.56,7.54,,,,,,
24/11/2018,2105,Brasileiro Série A,Cruzeiro,Flamengo,52.51,60.51,0.4049,0.3062,0.2889,1.2,1.01,,,2.47,3.46,3.27,,,,,,
24/11/2018,1952,Mexican Primera Division Torneo Apertura,Querétaro,Necaxa,35.67,41.33,0.3722,0.3238,0.304,1.21,1.11,,,2.69,3.29,3.09,,,,,,
24/11/2018,1952,Mexican Primera Division Torneo Apertura,Club América,Veracruz,48.76,30.14,0.6212,0.1341,0.2447,1.77,0.68,,,1.61,4.09,7.46,,,,,,
24/11/2018,1952,Mexican Primera Division Torneo Apertura,Pachuca,León,42.12,37.82,0.4822,0.2527,0.2651,1.64,1.12,,,2.07,3.77,3.96,,,,,,
24/11/2018,1952,Mexican Primera Division Torneo Apertura,Guadalajara,Tigres UANL,39.21,50.41,0.3114,0.3777,0.311,1.04,1.18,,,3.21,3.22,2.65,,,,,,
24/11/2018,1952,Mexican Primera Division Torneo Apertura,Monterrey,Atlas,54.99,36.61,0.6181,0.1406,0.2413,1.81,0.73,,,1.62,4.14,7.11,,,,,,
25/11/2018,1859,Norwegian Tippeligaen,Stabaek,Stromsgodset,22.43,32.5,0.3495,0.4012,0.2494,1.43,1.55,,,2.86,4.01,2.49,,,,,,
25/11/2018,1859,Norwegian Tippeligaen,Valerenga,Ranheim,27.21,28.45,0.4624,0.3062,0.2314,1.84,1.47,,,2.16,4.32,3.27,,,,,,
25/11/2018,1859,Norwegian Tippeligaen,Tromso,Sarpsborg,38.58,39.67,0.4608,0.307,0.2321,1.83,1.46,,,2.17,4.31,3.26,,,,,,
25/11/2018,1859,Norwegian Tippeligaen,Lillestrom,Kristiansund BK,24.8,32.95,0.3838,0.3565,0.2597,1.42,1.36,,,2.61,3.85,2.81,,,,,,
25/11/2018,1859,Norwegian Tippeligaen,Rosenborg,Bodo/Glimt,53.97,26.33,0.7939,0.0398,0.1664,2.04,0.27,,,1.26,6.01,25.13,,,,,,
25/11/2018,1859,Norwegian Tippeligaen,Sandefjord,Molde,14.21,47.85,0.1381,0.6778,0.1841,0.96,2.35,,,7.24,5.43,1.48,,,,,,
25/11/2018,1859,Norwegian Tippeligaen,SK Brann,Odd BK,41.57,30.18,0.5871,0.1631,0.2498,1.64,0.73,,,1.70,4.00,6.13,,,,,,
25/11/2018,1859,Norwegian Tippeligaen,Haugesund,IK Start,33.22,13.77,0.7495,0.0815,0.169,2.27,0.6,,,1.33,5.92,12.27,,,,,,
25/11/2018,1952,Mexican Primera Division Torneo Apertura,Lobos de la BUAP,Toluca,37.42,46.21,0.3418,0.3772,0.281,1.29,1.37,,,2.93,3.56,2.65,,,,,,
02/12/2018,2105,Brasileiro Série A,Flamengo,Atlético Paranaense,60.51,46.91,0.6312,0.1431,0.2257,1.78,0.71,,,1.58,4.43,6.99,,,,,,
02/12/2018,2105,Brasileiro Série A,Grêmio,Corinthians,57.52,51.38,0.5493,0.1657,0.285,1.34,0.6,,,1.82,3.51,6.04,,,,,,
02/12/2018,2105,Brasileiro Série A,Sport Recife,Santos,41.92,49.14,0.4103,0.3179,0.2718,1.32,1.13,,,2.44,3.68,3.15,,,,,,
02/12/2018,2105,Brasileiro Série A,Chapecoense AF,São Paulo,44.82,57.25,0.3606,0.3516,0.2877,1.13,1.11,,,2.77,3.48,2.84,,,,,,
02/12/2018,2105,Brasileiro Série A,Bahía,Cruzeiro,47.89,52.51,0.4321,0.2883,0.2796,1.3,1.01,,,2.31,3.58,3.47,,,,,,
02/12/2018,2105,Brasileiro Série A,Atletico Mineiro,Botafogo,52.82,45.32,0.5632,0.2134,0.2234,1.89,1.08,,,1.78,4.48,4.69,,,,,,
02/12/2018,2105,Brasileiro Série A,Palmeiras,Vítoria,59.09,39.75,0.6949,0.1184,0.1867,2.15,0.76,,,1.44,5.36,8.45,,,,,,
02/12/2018,2105,Brasileiro Série A,Paraná,Internacional,36.34,56.82,0.2796,0.4215,0.2989,0.89,1.17,,,3.58,3.35,2.37,,,,,,
02/12/2018,2105,Brasileiro Série A,Ceará,Vasco da Gama,37.46,42.81,0.4291,0.2898,0.2811,1.28,1,,,2.33,3.56,3.45,,,,,,
02/12/2018,2105,Brasileiro Série A,Fluminense,América Mineiro,46.9,38.92,0.5724,0.1825,0.2451,1.64,0.8,,,1.75,4.08,5.48,,,,,,
